Date,Meal,Calories,Fat (g),Saturated Fat,Polyunsaturated Fat,Monounsaturated Fat,Trans Fat,Cholesterol,Sodium (mg),Potassium,Carbohydrates (g),Fiber,Sugar,Protein (g),Vitamin A,Vitamin C,Calcium,Iron
7/23/2017,Breakfast,132.3,5.2,3.2,0,0,0,7,304.7,15.3,18.5,0.7,4,2.7,0,0,2.6,5.6
7/23/2017,Lunch,285,5.3,0.3,0,0,0,0,39,24.9,15.2,0.3,4.3,42,0,0,0.9,0
10/3/2017,Breakfast,341.5,22,5.3,2,6,0,190.5,423.1,703.9,13.4,5.9,3.6,22.4,12.6,86.1,7.2,9.7
10/3/2017,Lunch,399.5,21.7,5.6,0.3,0,0,9,698.3,845,18.9,5.9,6.1,30.5,12,157.8,8.3,7.3
10/3/2017,Dinner,308,18.1,5.7,0.2,0,0,75.1,1196.3,629.5,9.9,2.3,5.6,27.4,36.4,26.3,8.8,5
10/3/2017,Snack 1,514,52,30,3,13,0,70,210,223.4,7.8,3,2,7,18,0,4,4
10/4/2017,Breakfast,426,33.5,15.1,1.9,3.7,0,396,242.5,929,14.3,5.4,5.8,17.9,13.8,204,11.6,15.7
10/4/2017,Lunch,399.5,21.7,5.6,0.3,0,0,9,698.3,845,18.9,5.9,6.1,30.5,12,157.8,8.3,7.3
10/4/2017,Dinner,587.4,44.1,21,0.8,5.1,0,104.3,642.4,82,18.6,0,1.8,34.5,25,6.6,22.5,1.1
10/4/2017,Snack 1,409.8,39.9,30.4,1.1,1.2,0,105.5,261.7,43.4,14.3,2.7,3.3,2.4,20.9,0,5.6,6
10/5/2017,Breakfast,301.4,26,3.1,1.9,3.7,0,372,142,138,1.4,0,0.4,20.5,10.8,0,5.6,9.7
10/5/2017,Lunch,587.4,44.1,21,0.8,5.1,0,104.3,642.4,82,18.6,0,1.8,34.5,25,6.6,22.5,1.1
10/5/2017,Dinner,329,5.8,1,0,2,0,98.3,1406.1,0,12.4,7.6,4.6,45.4,16,32,2,18
10/5/2017,Snack 1,324,35,27,1,1,0,70,100,33.4,0.8,0,0,0,18,0,4,0
10/6/2017,Breakfast,187.3,10.1,3.7,1.9,3.7,0,379.4,503.4,153.7,1.3,0.2,0.4,18.9,11.2,8.5,6.1,11.3
10/6/2017,Lunch,329,5.8,1,0,2,0,98.3,1406.1,0,12.4,7.6,4.6,45.4,16,32,2,18
10/6/2017,Dinner,754.6,69.2,39.8,3.4,19.3,0.8,225.4,991.5,234.4,10.6,2.4,6.5,26.8,45.7,78.5,58.6,7.4
10/6/2017,Snack 1,324,35,27,1,1,0,70,100,33.4,0.8,0,0,0,18,0,4,0
10/7/2017,Breakfast,473,38,17,0,0,0,687,393,0,8,1,4,25,0,0,0,0
10/7/2017,Dinner,595.6,54.6,31.6,2.6,15.1,0.7,178.7,761.2,179.5,8.3,1.9,5,20.9,36.6,62.8,46.9,5.7
10/9/2017,Breakfast,324,35,27,1,1,0,70,100,33.4,0.8,0,0,0,18,0,4,0
10/9/2017,Snack 1,673.2,66.4,34.9,1.1,3.5,0,306,564.3,83.9,32.6,4.2,1.8,12.5,45.6,0.2,11.8,11
10/10/2017,Breakfast,324,35,27,1,1,0,70,100,33.4,0.8,0,0,0,18,0,4,0
10/10/2017,Lunch,607.4,46,20.3,0.7,2.1,0,158.4,532,506.2,9.6,3.8,4.1,41.2,5.9,116,24.7,19.9
10/10/2017,Dinner,466.5,29.2,12.3,2.7,2.7,0,367,363.9,912.1,10.8,4.1,4.3,39.1,12.5,153.2,10,16.8
10/10/2017,Snack 1,125,0,0,0,0,0,0,10,0,4,0,1,0,0,0,0,0
10/11/2017,Breakfast,324,35,27,1,1,0,70,100,33.4,0.8,0,0,0,18,0,4,0
10/11/2017,Lunch,539.5,31.1,11.3,1.4,2.7,0,407,641.9,1116.8,10.7,4.1,4.3,57.4,10.4,153,8.7,19.8
10/11/2017,Dinner,605.5,20.5,13.4,1,5,0,94.8,694.5,291,16.4,7.3,0,32.9,61,12,178,1
10/12/2017,Breakfast,324,35,27,1,1,0,70,100,33.4,0.8,0,0,0,18,0,4,0
10/12/2017,Lunch,615.5,34.9,10.4,1,3,0,303.8,1584.3,632.8,13.1,1.8,8.9,54.7,47.5,43,18.5,13
10/12/2017,Dinner,627.7,49,27,0.5,4.2,1.5,172.9,441.6,489.4,4.4,0,0.1,41.2,17.9,1,41,22.7
10/12/2017,Snack 1,663.9,59.4,29.3,1,1.8,0,311,508.8,83.7,17.8,4.1,2,13.4,41.6,0.2,13.7,10.9
10/13/2017,Breakfast,324,35,27,1,1,0,70,100,33.4,0.8,0,0,0,18,0,4,0
10/13/2017,Lunch,618.8,43.2,16.7,1.4,7,1.4,127.3,255.8,676.8,10.7,7,2.3,31,10.6,12.3,6.5,14.7
10/14/2017,Breakfast,324,35,27,1,1,0,70,100,33.4,0.8,0,0,0,18,0,4,0
10/14/2017,Lunch,359.5,27.5,13,0.5,2.5,0,83,801,145.5,4.5,1,1,18,30.5,6,91,4.5
10/14/2017,Snack 1,410,38,11.5,6,11,0,60,360,0,4,3,1,17,12,0,42,4
10/15/2017,Breakfast,367.5,3.5,0.3,0.1,0.1,0,0,403.1,76.5,68.6,3.7,0.2,12,0,0,0,4.5
10/15/2017,Lunch,460,22,10,0,0,0.5,60,920,0,42,2,10,20,20,20,15,20
10/16/2017,Breakfast,658.6,57.1,37.3,3.9,8,0,443.9,1460.7,314.1,6.1,0.8,3,27.6,33.9,42.6,25.5,52.9
10/16/2017,Lunch,448.1,32.7,15.7,0,0,1.4,121,108.6,340.6,4,0.3,2.6,21.8,10.8,7.9,7.2,12.8
10/16/2017,Dinner,450,10.8,4.2,0,0,0,21,807,0,60,3,3,18,0,0,0,0
10/17/2017,Breakfast,570.1,52.2,35.2,3,6.7,0,414.2,791,203.8,3.5,0.3,1.2,19.2,32.3,14.2,24.3,23
10/17/2017,Lunch,199.5,4.5,0.6,0.1,0,6.4,81.3,94.6,403.2,7,0.4,0.1,33,5,11,1,3.5
10/17/2017,Dinner,963.8,70.7,14.7,5.9,21.8,0,146,2539,1022.4,27.4,8.5,10.7,44.7,46.8,59.8,91.7,18.8
10/17/2017,Snack 1,314.9,28.6,14.7,0.5,0.9,0,155.5,254.4,41.8,7.3,2,1,6.5,20.8,0.1,6.9,5.5
10/18/2017,Breakfast,614.4,54.6,36.2,3.5,7.3,0,429.1,1125.9,258.9,4.8,0.5,2.1,23.4,33.1,28.4,24.9,38
10/18/2017,Lunch,645.9,41.1,18.2,2,1.2,0,335.3,1737.8,779.6,12.4,3.6,5,53.5,24.2,74.3,7.6,12.7
10/18/2017,Dinner,269.2,14,4.6,2,4.3,0.1,80.8,488.2,657.3,12.4,7.9,2.8,27,36.6,13.5,45.7,72.3
10/18/2017,Snack 1,314.9,28.6,14.7,0.5,0.9,0,155.5,254.4,41.8,7.3,2,1,6.5,20.8,0.1,6.9,5.5
10/19/2017,Breakfast,614.4,54.6,36.2,3.5,7.3,0,429.1,1125.9,258.9,4.8,0.5,2.1,23.4,33.1,28.4,24.9,38
10/19/2017,Lunch,762.1,52,16.2,2,9.3,0,214.8,859.2,643.9,11.4,5.4,5,41,24.7,52,24.1,9.5
10/19/2017,Dinner,384.4,32.7,13.2,0.5,4.5,0,81.7,726.6,86.2,0.8,1.5,0.3,21.3,6.7,0,10.4,1.6
10/19/2017,Snack 1,128,10,7,0,3,0,40,1158,30,2,0,0,8,8,0,0,0
10/20/2017,Breakfast,614.4,54.6,36.2,3.5,7.3,0,429.1,1125.9,258.9,4.8,0.5,2.1,23.4,33.1,28.4,24.9,38
10/20/2017,Lunch,396.4,29.5,6.8,1.4,2.8,0.1,68.9,527.2,698.4,11.6,7.4,2.9,23,34,41.2,37.6,50.7
10/20/2017,Dinner,453.6,39.4,22.7,2.1,10.5,0.4,141.8,1066,182.6,7.5,1.7,4.6,18.9,26.9,63.3,32.7,25.8
10/20/2017,Snack 1,144.7,11.3,6.2,0.2,2.3,0,40.9,363.3,43.1,0.1,0,0.1,9.9,3.4,0,5.2,0.8
10/21/2017,Breakfast,374,40,30.5,1,1,0,90,100,48.4,1.2,0,0,0,22,0,6,0
10/21/2017,Lunch,453.6,39.4,22.7,2.1,10.5,0.4,141.8,1066,182.6,7.5,1.7,4.6,18.9,26.9,63.3,32.7,25.8
10/21/2017,Dinner,721.8,57.8,23.8,4.2,8.5,0,149.6,1136.5,779.1,19.4,4.6,11.2,48.5,101.8,282.7,37.7,17.1
10/21/2017,Snack 1,641.5,54.3,14.9,0.2,2.1,0,73.6,328.3,39.1,17.6,3,3.4,21.9,5,0,21.4,8.8
10/22/2017,Breakfast,374,40,30.5,1,1,0,90,100,48.4,1.2,0,0,0,22,0,6,0
10/22/2017,Lunch,684.5,56,20.7,2.2,3,0,120,1393,670.2,15.7,4,4.2,33.4,69.8,33.9,23.9,10.6
10/22/2017,Dinner,468.7,41.4,18,5.6,4,0,128.4,1518.8,497.5,10.6,2.7,6.2,25.8,111.8,9.2,32.2,4
10/23/2017,Breakfast,614.4,54.6,36.2,3.5,7.3,0,429.1,1125.9,258.9,4.8,0.5,2.1,23.4,33.1,28.4,24.9,38
10/23/2017,Lunch,582.2,51.6,25.2,8.4,6,0,185.2,2048.1,639.6,10.6,2.7,6.4,37.5,43.7,10.4,45.3,3.8
10/23/2017,Dinner,1255.9,105.7,52.8,9.1,17.4,0,546.7,1403.7,384.1,34.3,10.8,8,36.9,83,9.9,48.7,28.7
10/24/2017,Breakfast,651.3,59.7,40.2,3,5,0,157.1,314.2,219.5,4.3,1,2,32.4,22,3.7,21.6,10.6
10/24/2017,Lunch,582.2,51.6,25.2,8.4,6,0,185.2,2048.1,639.6,10.6,2.7,6.4,37.5,43.7,10.4,45.3,3.8
10/24/2017,Dinner,532.5,41.9,18.9,2.4,4.6,0,495,303.1,1161.3,17.9,6.8,7.2,22.3,17.3,255,14.5,19.7
10/25/2017,Breakfast,324,35,27,1,1,0,70,100,33.4,0.8,0,0,0,18,0,4,0
10/25/2017,Lunch,609.2,51.3,24.4,6.6,5.8,0,321.4,1527.1,1022.2,15.8,5.3,7.8,34.3,40.5,111.5,38.1,11
10/25/2017,Dinner,313,24.2,11.7,4,7.8,0,117.8,447.4,150.2,9.8,3.3,3,12,20.7,4.8,17.5,8.9
10/26/2017,Breakfast,537,51.8,34.6,2,2.8,0,268,221.3,497.9,8,2.7,2.9,8.9,74.9,202,59.8,107.9
10/26/2017,Lunch,313,24.2,11.7,4,7.8,0,117.8,447.4,150.2,9.8,3.3,3,12,20.7,4.8,17.5,8.9
10/26/2017,Dinner,841,70.3,38.5,4,9.6,0.1,914.9,1058.5,346.5,5.7,0.1,2.9,39.5,57,3.5,21.6,20.9
10/26/2017,Snack 1,50,5,3.5,0,1.5,0,20,5,15,3,0,0,0,4,0,0,0
10/27/2017,Breakfast,424,45,34,1,1,0,110,100,63.4,1.6,0,0,0,76,100,58,100
10/27/2017,Lunch,613.7,49.1,19.4,3.9,17.8,0,461.5,955.7,407,7.4,0.5,2.8,33.1,23.8,5,11.3,18.1
10/27/2017,Dinner,634.1,40.9,18.1,1.9,1.2,0,335.3,1732.2,613.7,10.7,2.9,3.2,52.7,22,55.7,7,11.5
10/27/2017,Snack 1,424.7,37.7,19.3,1.2,8.3,0,76.9,551.1,138.1,11.9,5.2,1.6,15.2,13,0,6.2,12.8
10/28/2017,Breakfast,963.2,91.6,57.3,2.3,4.5,0,447.9,964.5,138.7,19,2.5,4.3,22.1,54.1,0.1,11.8,15.1
10/28/2017,Dinner,632.3,42.7,17.5,1.5,0.9,0,283.2,1623.3,491,11.9,3.1,4.4,45.6,81.6,59.6,16.1,13.7
10/29/2017,Breakfast,1050.9,88,45,4.9,13.2,0.1,1084.9,1289.7,353.7,25.1,3.8,3.6,49.4,117.3,100.2,85.5,135.3
10/29/2017,Lunch,324,35,27,1,1,0,70,100,33.4,0.8,0,0,0,18,0,4,0
10/29/2017,Dinner,170,19,16.5,1,1,0,20,0,15,0.4,0,0,0,4,0,2,0
10/30/2017,Breakfast,324,35,27,1,1,0,70,100,33.4,0.8,0,0,0,68,100,54,100
10/30/2017,Lunch,1050.9,88,45,4.9,13.2,0.1,1084.9,1289.7,353.7,25.1,3.8,3.6,49.4,67.3,0.2,35.5,35.3
10/30/2017,Dinner,251.7,13.8,3,0,0,0,83.8,1178.7,308.5,1.3,0.1,1.2,29.6,11.3,0.2,6.5,5.3
10/31/2017,Breakfast,324,35,27,1,1,0,70,100,33.4,0.8,0,0,0,68,100,54,100
10/31/2017,Lunch,948.3,86.7,35.4,23.7,10.3,0.1,246.9,2691.3,838.4,16.2,4.6,8.8,54.2,53.7,12.1,60.2,8.1
11/1/2017,Breakfast,324,35,27,1,1,0,70,100,33.4,0.8,0,0,0,18,0,4,0
11/1/2017,Lunch,865.5,74.1,39.2,8.8,6,0,228.1,2189.1,652.6,12.7,3.3,5.8,57.8,38,42.2,55.3,8.5
11/1/2017,Dinner,647.2,56.7,29.1,1.4,9.5,0.4,179.5,1243.7,99.9,7.5,1.3,4.3,26.6,25.7,42,33.8,7.4
11/1/2017,Snack 1,207,0,0,0,0,0,0,0,0,0,0,0,0,0,0,0,0
11/2/2017,Breakfast,324,35,27,1,1,0,70,100,33.4,0.8,0,0,0,18,0,4,0
11/3/2017,Breakfast,467.5,30.3,9.8,5.1,5.5,0.1,583.2,716,207,15,1,6.6,32.3,16.2,0,8.4,14.6
11/4/2017,Breakfast,324,35,27,1,1,0,70,100,33.4,0.8,0,0,0,18,0,4,0
11/5/2017,Breakfast,100,10,7,0,0,0,40,0,30,0.8,0,0,0,58,100,54,100
11/5/2017,Lunch,537.2,55.7,29.6,1.4,11,0.4,134.5,733.7,124.9,8.5,3.3,3.3,37.6,29.7,42,51.8,3.4
11/5/2017,Dinner,270,19.1,6.8,0,0,0,67.5,371.3,0,1.1,0,1.1,19.1,0,0,0,0
11/5/2017,Snack 1,774.8,54,24.3,16.4,11.3,0,122.3,3849,665.9,51.8,34.9,9.9,21.4,34.2,24.3,96.8,41.8
11/6/2017,Breakfast,359.2,28,15.1,5.4,3.8,0,80.8,1282.9,242.8,18.3,10.9,4.3,7.1,69.4,105.1,85.5,113.5
11/6/2017,Lunch,590.3,51.6,25.2,8.5,6.1,0,185.2,2088.5,770.9,12.1,3.5,7.1,37.9,48.2,13,47.3,4.3
11/7/2017,Breakfast,324,35,27,1,1,0,70,100,33.4,0.8,0,0,0,68,100,54,100
11/7/2017,Lunch,575.3,43.9,23.9,1,9.6,0,171.9,1806.8,320.9,2.4,0,0.5,40.7,13.4,0,22.4,6.2
11/7/2017,Dinner,459,34,18,1,5,0,106,922,291,7,2,1,22,61,12,180,5
11/7/2017,Snack 1,501.5,35.8,16.2,10.8,7.6,0,81.5,2565.6,402.9,30.9,21.2,5.5,13.9,22.6,5.4,63,26.5
11/8/2017,Breakfast,324,35,27,1,1,0,70,100,33.4,0.8,0,0,0,68,100,54,100
11/8/2017,Lunch,674.5,43.2,13.4,0.1,0.5,0,111,1941,148.5,8.1,0,0,45.4,12,0,32,3.5
11/8/2017,Dinner,492.7,38,11.3,4.7,5.4,0,105,1310.7,199.2,14.7,3.3,7.3,25.2,15.7,99,6.7,9.3
11/8/2017,Snack 1,342.2,27.9,15.1,5.4,6.8,0,80.8,1292.7,220,15.3,10.2,1.3,6.9,19.2,0.3,31.5,13.1
11/9/2017,Breakfast,324,35,27,1,1,0,70,100,33.4,0.8,0,0,0,68,100,54,100
11/9/2017,Lunch,432.7,31,10.5,3.7,0.4,0,105,1310.7,199.2,14.7,3.3,7.3,25.2,15.7,99,6.7,9.3
11/9/2017,Dinner,914.4,76.3,27.9,4.8,16.2,0,145,2150.2,566.3,15.4,3.8,10,37.9,36.5,27.9,51.3,11.5
11/9/2017,Snack 1,242.2,17.9,8.1,5.4,3.8,0,40.8,1282.7,190,13.3,10.2,1.3,6.9,11.2,0.3,31.5,13.1
11/10/2017,Breakfast,324,35,27,1,1,0,70,100,33.4,0.8,0,0,0,68,100,54,100
11/12/2017,Breakfast,324,35,27,1,1,0,70,100,33.4,0.8,0,0,0,18,0,4,0
11/12/2017,Lunch,580,46,23,0,0,0,160,720,0,1,0,1,40,0,0,0,0
11/12/2017,Dinner,432.7,31,10.5,3.7,0.4,0,105,1310.7,199.2,14.7,3.3,7.3,25.2,15.7,99,6.7,9.3
11/14/2017,Breakfast,374,40,30.5,1,1,0,90,100,48.4,1.2,0,0,0,22,0,6,0
11/14/2017,Lunch,572,34.7,7.5,0,0,0,40,585,0,10,0,1,28.3,7.2,0,18,0
11/14/2017,Dinner,629.9,57.3,29.3,1,1.8,0,311,508.8,83.7,14.6,4.1,2,12.9,41.6,0.2,13.7,10.9
11/14/2017,Snack 1,290.5,24.8,8.4,1,1.8,8,202.5,219.8,607.5,10.2,4.1,3.1,10.2,11.4,117,6.3,9.2
11/15/2017,Breakfast,374,40,30.5,1,1,0,90,100,48.4,1.2,0,0,0,72,100,56,100
11/15/2017,Lunch,397,33.1,12.1,1.4,2.7,8,301.5,280.4,839.8,13.7,5.5,4.5,14.7,14.9,168,9.2,13.1
11/15/2017,Dinner,647.3,51.7,12,0,0,0,135.9,1449.1,0,4.1,0,1,37.2,4,0,6,0
11/16/2017,Breakfast,324,35,27,1,1,0,70,100,33.4,0.8,0,0,0,68,100,54,100
11/16/2017,Lunch,612,38.3,9.5,0,0,0,50,645,0,10,0,1,30.7,8.8,0,26,0
11/16/2017,Snack 1,318.4,24.6,5.5,5.3,11.2,0.3,103.8,821.7,0,7.8,0,0.1,16.4,1.1,0.1,0.4,0
11/19/2017,Breakfast,324,35,27,1,1,0,70,100,33.4,0.8,0,0,0,18,0,4,0
11/20/2017,Breakfast,324,35,27,1,1,0,70,100,33.4,0.8,0,0,0,18,0,4,0
11/21/2017,Breakfast,324,35,27,1,1,0,70,100,33.4,0.8,0,0,0,18,0,4,0
11/21/2017,Lunch,574,38,0,0,0,0,0,0,0,15,6,0,45,0,0,0,0
11/21/2017,Dinner,416,31.7,19,0,0,0,140,887,0,7.8,0,4,19.6,20,4,6,0
11/21/2017,Snack 1,509.7,52.2,39.8,1.8,9.1,0,98.8,154.9,62,8,0,3.1,1.3,21,0,2.5,0
11/22/2017,Breakfast,374,40,30.5,1,1,0,90,100,48.4,1.2,0,0,0,22,0,6,0
11/22/2017,Lunch,574,38,0,0,0,0,0,0,0,15,6,0,45,0,0,0,0
11/22/2017,Dinner,830.7,63.8,35.8,0.6,4,0,223.4,1401,65.6,16.3,0,5.4,44.8,40,9.2,24,0.9
11/23/2017,Breakfast,374,40,30.5,1,1,0,90,100,48.4,1.2,0,0,0,22,0,6,0
11/23/2017,Snack 1,289.4,22.7,12.4,0.5,4.5,0,81.7,726.6,86.2,0.3,0,0.3,19.8,6.7,0,10.4,1.6
11/24/2017,Breakfast,324,35,27,1,1,0,70,100,33.4,0.8,0,0,0,18,0,4,0
11/24/2017,Lunch,387.2,35.7,21.1,1.4,9.5,0.4,119.5,563.7,99.9,5.5,1.3,3.3,12.6,25.7,42,31.8,3.4
11/25/2017,Breakfast,330,25,8.2,0,0,0,466,546,140,2,0,1,23,12,0,4,12
11/25/2017,Lunch,380.6,16.8,2.1,4.8,8.9,0.1,70.4,793.1,475.6,27.8,2.5,16.8,28.3,18.1,59.8,4.6,9.2
11/25/2017,Snack 1,622.2,52,21,0.1,1.5,0,20,1285.8,277.6,8.8,3.6,1.9,26.6,13.1,5.2,26,4.1
1/4/2018,Breakfast,374,40,30.5,1,1,0,90,100,48.4,1.2,0,0,0,22,0,6,0
1/4/2018,Lunch,678.2,15.8,0,0,0,0,229.6,3212,0,13.4,2.7,0,72.1,0,0,0,0
1/14/2018,Breakfast,426.2,16.2,3.4,3.5,1.5,1.5,0,9.6,153.1,65.9,11.5,27.8,11.1,0,0.2,10.9,22.6
1/14/2018,Lunch,900.2,25,8.1,1,3,0,55,2043.1,367.5,102.7,11.3,9.2,47,10.2,8.7,16.8,2.2
1/14/2018,Dinner,190,15,3,4.5,7,0,0,130,0,7,2,3,8,0,0,2,4
1/14/2018,Snack 1,165,0,0,0,0,0,15,150,150,1.5,0,0,37.5,0,0,15,0
1/15/2018,Breakfast,626.2,34,16.3,4.3,3.1,0.8,209.2,669.2,438.8,39,5.8,14.6,28.6,10.4,0.1,23.4,19.6
1/15/2018,Lunch,206.9,9.5,2.6,1.3,1.4,0.1,52.1,130.3,254,11.6,3.2,0.7,16.5,9.2,22.7,7.6,4.6
1/15/2018,Dinner,620.5,39.5,15.5,0.1,0,1.5,125.5,670.5,303.4,11.1,4.8,5.1,42.6,116,254.7,6.9,13.9
1/15/2018,Snack 1,200,1.5,0,0,0,0,0,240,0,44,3,18,5,0,2,4,8
1/16/2018,Breakfast,332.6,8.2,1.7,3.5,1.3,0,0,93.6,226.8,55.8,10.8,20.2,9.1,7.6,11.9,49.1,20
1/16/2018,Lunch,747.7,32.6,9.5,3.1,5.5,0,166,1137.9,593.6,54.3,2.4,0.8,49.9,1.8,2.4,4.5,5.2
1/16/2018,Dinner,508.8,15.2,5.2,0,0.2,0,71.6,994.8,248.2,66.9,10.5,8.8,33,17.9,30.1,33.7,25.7
1/16/2018,Snack 1,110,0,0,0,0,0,10,100,100,1,0,0,25,0,0,10,0
1/17/2018,Breakfast,332.6,8.2,1.7,3.5,1.3,0,0,93.6,226.8,55.8,10.8,20.2,9.1,7.6,11.9,49.1,20
1/17/2018,Lunch,747.7,32.6,9.5,3.1,5.5,0,166,1137.9,593.6,54.3,2.4,0.8,49.9,1.8,2.4,4.5,5.2
1/17/2018,Dinner,277.9,15.4,4.5,0.8,3.5,0,126.5,84.8,17.3,8.1,4,2,26.6,16.4,30,6.7,11.2
1/17/2018,Snack 1,269.6,14.7,2.9,1.3,0.7,0,0,219.2,233.7,29.2,3.5,12.9,8.1,0,0,0,8.3
1/18/2018,Breakfast,332.6,8.2,1.7,3.5,1.3,0,0,93.6,226.8,55.8,10.8,20.2,9.1,7.6,11.9,49.1,20
1/18/2018,Lunch,571.8,20.2,5.7,3.5,1.8,0,128.6,1296.1,31,59.9,13.6,5.6,43.5,26.9,10.7,12.2,22.4
1/18/2018,Dinner,422,12,5,0,0,0,60,361,180,43,2,0,22,0,0,2,7
1/18/2018,Snack 1,300.3,10.6,1.8,0,4.9,0,10,207.4,387,21.5,2.2,13.4,30.6,0,0.8,12.5,3.6
1/19/2018,Breakfast,332.6,8.2,1.7,3.5,1.3,0,0,93.6,226.8,55.8,10.8,20.2,9.1,7.6,11.9,49.1,20
1/19/2018,Lunch,361.8,6.9,1.6,0,0.2,0,72.2,653.1,430.9,24.8,6.1,6.4,49,18.5,34.7,24.2,12.9
1/19/2018,Snack 1,105,9,0.8,0,0,0,0,0,0,3,2,0.5,3.5,0,0,4,3
1/24/2018,Breakfast,332.6,8.2,1.7,3.5,1.3,0,0,93.6,226.8,55.8,10.8,20.2,9.1,7.6,11.9,49.1,20
1/24/2018,Lunch,559.8,11.7,1.5,4,2.6,0,95.3,955.3,123,60.6,14.5,9.9,44.2,87,17.8,15,31.5
1/24/2018,Dinner,367.1,19.7,4.4,0,0,0,100,163.8,0,9.6,2.4,4.8,32.4,0,0,2.5,5
1/24/2018,Snack 1,110,0,0,0,0,0,10,100,100,1,0,0,25,0,0,10,0
1/29/2018,Breakfast,332.6,8.2,1.7,3.5,1.3,0,0,93.6,226.8,55.8,10.8,20.2,9.1,7.6,11.9,49.1,20
1/29/2018,Lunch,281.6,14.8,7.9,0.3,0.7,0,69.2,392.4,228.7,9.8,4.6,9.4,21.5,53.5,2.4,12,5.4
1/29/2018,Dinner,382,20,0,2,10,0,108,1118,1380,16,4,6,48,26,260,12,18
1/29/2018,Snack 1,417.9,11.7,0.9,0.2,0,0,0,606.4,549.3,49.1,9.4,14.9,9.3,312.5,24,12,15.6
1/30/2018,Breakfast,332.6,8.2,1.7,3.5,1.3,0,0,93.6,226.8,55.8,10.8,20.2,9.1,7.6,11.9,49.1,20
1/30/2018,Lunch,382,20,0,2,10,0,108,1118,1380,16,4,6,48,26,260,12,18
1/30/2018,Dinner,660.9,21.5,10.7,1.1,3.4,0,176.7,576,739.5,50.5,4.3,2.4,63.1,12,2.3,18.7,6
1/30/2018,Snack 1,452.6,20.5,3.6,2.6,1,0,45,938.7,672.6,52.5,9.6,17.9,17.7,14.6,230.7,13,20.6
1/31/2018,Breakfast,332.6,8.2,1.7,3.5,1.3,0,0,93.6,226.8,55.8,10.8,20.2,9.1,7.6,11.9,49.1,20
1/31/2018,Lunch,660.9,21.5,10.7,1.1,3.4,0,176.7,576,739.5,50.5,4.3,2.4,63.1,12,2.3,18.7,6
1/31/2018,Dinner,377.6,10.3,2.5,0,0.3,0,93.3,829.6,496.3,35.7,9.1,9.6,36.1,27.8,52.1,21.3,19.3
1/31/2018,Snack 1,315,13,3.5,2.5,1,0,45,610,410,36.5,6,10.5,15,1.5,217.5,9,15.5
2/6/2018,Breakfast,332.6,8.2,1.7,3.5,1.3,0,0,93.6,226.8,55.8,10.8,20.2,9.1,7.6,11.9,49.1,20
2/6/2018,Lunch,575,26,8.5,0,0,0,100,1300,0,43,0,0,37,0,0,0,0
2/6/2018,Dinner,413.3,25.9,6.9,1.9,8.9,0,93.8,220.5,191.2,12.6,3.1,6.5,32.7,106.8,119.4,2.8,16.8
2/6/2018,Snack 1,930.7,39.9,14.8,5.3,4.5,0,90.2,1895.8,543,85.2,12.3,17.9,36.7,5.9,239.5,29.1,35.6
2/7/2018,Breakfast,332.6,8.2,1.7,3.5,1.3,0,0,93.6,226.8,55.8,10.8,20.2,9.1,7.6,11.9,49.1,20
2/7/2018,Lunch,560.8,24.4,7.1,2.3,4.1,0,124.5,853.4,445.2,40.7,1.8,0.6,37.4,1.4,1.8,3.4,3.9
2/7/2018,Dinner,360,9.8,3.3,0,1.3,0,177.5,812.5,220,15,3,6,53.5,7,0,31.5,6
2/7/2018,Snack 1,475,11.3,4.9,1,2,0,17,383.8,100,54.5,15.3,12.3,25.8,0,3,27,10
2/8/2018,Breakfast,332.6,8.2,1.7,3.5,1.3,0,0,93.6,226.8,55.8,10.8,20.2,9.1,7.6,11.9,49.1,20
2/8/2018,Lunch,616.4,22.5,5.1,0.9,7,0,120,1462.7,210.1,63.6,4.5,5.5,41.5,25.4,49,14,37.1
2/8/2018,Dinner,631.5,25,9.7,1.1,11.9,0,88.5,2083.4,9.7,52.3,4,2,46.3,1.3,2.5,15,25.5
2/8/2018,Snack 1,485.7,20.6,9.9,3.8,5.5,0,62.2,952,233,47.2,15,5.1,38.9,4.4,21,43.1,12.1
2/10/2018,Breakfast,742.2,39.7,0,0,0,0,245.6,1023,49,74,5.5,18.4,19.4,0.5,31,0.5,0.5
2/10/2018,Snack 1,150,0.5,0,0,0,0,5,160,490,11,3,8,25,1,145,17,5
2/14/2018,Breakfast,345.4,8.4,1.7,3.6,1.3,0,0,93.8,263.9,58.7,12.4,21.3,9.4,7.8,22.6,49.7,20.9
2/14/2018,Lunch,398.7,5.6,1,0.3,2.6,0,108.3,713.7,291.9,37.4,3.3,10.3,47.3,33.8,93.3,4.3,9
2/14/2018,Snack 1,365.7,16.6,9.4,1.3,4.5,0,62.2,822,123,27.2,12,5.1,35.9,4.4,21,43.1,4.1
2/15/2018,Breakfast,332.6,8.2,1.7,3.5,1.3,0,0,93.6,226.8,55.8,10.8,20.2,9.1,7.6,11.9,49.1,20
2/15/2018,Lunch,568,31,9.5,0,0,0,41,1041,75,51,3,3,22.5,8,10,10,8
2/25/2018,Lunch,690,38,6,0,0,0,55,1140,0,54,12,9,35,0,0,0,0
5/10/2018,Breakfast,445,35.5,13.2,0,1.3,0,471,1086,140,0.5,0,0,27.5,15,0,14,14
5/10/2018,Lunch,350,15,2,2,9,0,81,737,401,36,5,3,17,0,0,7,15
5/10/2018,Snack 1,330,4.5,2.5,0,0,0,20,620,750,38,1,35,34,0,90,50,4
5/22/2018,Breakfast,198.3,2.9,0.5,0.3,0.1,0,5,224.4,670.7,17.1,5.3,9.3,26.8,5.5,186.2,45.5,10.3
5/22/2018,Lunch,528.8,26.4,9.7,0.2,2,0,149.5,736.2,94.5,7.9,2,3.9,61.4,8.8,4,13.9,19.5
5/22/2018,Dinner,490,31,5.6,2,10,0,0,57,0,18.6,7.6,1.9,32.5,19,19,7.6,15.2
6/7/2018,Breakfast,324,35,27,1,1,0,70,100,33.4,0.8,0,0,0,18,0,4,0
6/7/2018,Lunch,168,8.7,2.4,0,0,0,70.5,70.5,405,0,0,0,21.2,1.5,0,1.5,0
6/7/2018,Snack 1,455.3,36.7,9.1,0.1,0,0,52.5,159,146.3,21.3,3.3,15.8,10.4,9.8,10.5,3.8,0.8
12/31/2018,Breakfast,270,4.6,2.5,0.3,0.3,0,15,540,11,38.6,5,26.8,22.6,7.5,15,16.5,4.5
12/31/2018,Lunch,255,20.8,7.7,0,0,0,412,380,218,2,0,0,18,16,0,4,8
12/31/2018,Dinner,610.3,31.6,10.5,0.4,0,0,108.3,1629,447.7,50.3,5.1,24,48.5,35,31.2,12.7,24
12/31/2018,Snack 1,170,5,3,0,0,0,0,270,115,22,3,15,12,10,15,30,30
3/28/2019,Breakfast,225,26,20,1,1,0,30,0,0,1,0,0,0,10,0,0,1
3/28/2019,Lunch,412.8,25.2,4.9,3,12.3,0,75.8,534.3,286.6,17.5,3.6,4.4,35.3,112.9,51.2,25,8.5
7/1/2019,Breakfast,190,15.5,6.5,0,0,0,385,190,140,2,0,0,12,17,0,4,8
7/1/2019,Lunch,717.9,47.9,6.5,4.5,6.4,0,116.7,1115.4,954.9,14.7,4.5,6,52.3,99.6,105.7,22.6,21
7/1/2019,Dinner,705.6,54.2,22.7,1.7,12,1.2,132.5,1179.2,550.7,20,3.8,7.6,36.5,76.5,20.6,79.4,8.5
7/1/2019,Snack 1,111.5,9,4.4,0.4,0,0,25,443.5,117.4,2.8,1,0.1,7.4,6.4,5,15.3,3.7
7/2/2019,Breakfast,430.6,32.6,13.4,0.5,0,0,600,855.2,544.1,12.6,2.4,3.5,26.6,43.7,38.3,27.8,15.4
7/2/2019,Lunch,540,39.6,18,0.6,6,1,109,1028.1,439.8,16.7,3.2,6.9,30.3,65.6,17.1,64.4,6.8
7/2/2019,Dinner,653.5,44.1,4.6,1.5,4.9,0,119.5,1042.5,759.4,8.9,2.4,3.7,48.2,70.3,10.3,8.7,15.3
7/2/2019,Snack 1,160,12,8,0,0,0,50,680,0,2,0,0,14,8,0,30,4
7/3/2019,Breakfast,416,37.5,11.3,1.6,8,0,154.5,815,248,10,5,3,16.5,4,0,20,10
7/3/2019,Lunch,629,50.3,19.3,2.2,14,1,107,1019.6,439.8,16.6,3.2,6.9,29.8,65.2,17.1,62.9,6.8
7/3/2019,Dinner,539.2,38.3,14.6,2.1,10,0,283.6,361,1074.2,17.9,6.6,8.7,33.1,167.7,321.1,47.3,11.6
7/3/2019,Snack 1,80,6,4,0,0,0,25,340,0,1,0,0,7,4,0,15,2
7/4/2019,Breakfast,350,29.5,12.5,0,0,0,415,810,140,2,0,0,22,17,0,4,8
7/4/2019,Lunch,464.4,36.6,14.3,2.1,10,0,246.3,317.9,910.9,17.9,6.6,8.7,18.1,167.7,321.1,47.3,10.4
7/4/2019,Dinner,775,54,18.5,6.5,2.5,0,55,1945,1174.5,32,36.5,0.6,27.5,36.3,50,55,24.7
7/4/2019,Snack 1,80,6,4,0,0,0,25,340,0,1,0,0,7,4,0,15,2
7/5/2019,Lunch,505.7,37.9,14.6,2,10,0,278.8,344.1,886.4,13.2,4.9,5.6,30.4,23.8,193.8,43.1,10.4
7/5/2019,Dinner,466.1,31.9,5.3,0,0.6,0,81.1,742.2,354.7,5.9,2.6,1.2,33.1,15.8,35.7,7.8,13.2
7/5/2019,Snack 1,100,6.4,0.9,1,0,0,0,212,485.9,10.6,4.6,5.1,2.1,78.9,263,0.6,5.3
7/7/2019,Breakfast,252,18.3,8.5,0,0.6,0,397.5,487.6,140,2.3,0,0,18.7,18.5,0.5,9,8.5
7/7/2019,Lunch,470.2,33.1,9.7,10.1,7.7,0.2,228.9,1243.2,450.7,9.1,2.2,4.4,34.4,72,18.5,15.3,14.2
7/7/2019,Snack 1,120,14,13,1,1,0,0,30,0,0,0,0,0,0,180,0,0
7/8/2019,Breakfast,362.9,27.3,10.7,0.1,1.2,0,427.6,686,151.5,2.1,0,0.1,27.5,14.2,0,14.6,12.6
7/8/2019,Lunch,321.5,20.5,3.6,0.7,0.3,0,65,502.7,523.7,10,0.4,5.3,24.5,55.7,16.1,6.1,5
7/8/2019,Dinner,557.5,42.1,20.7,0,2.5,1.4,141,365.5,787,13,4.7,2,30.5,81,38,26,23
7/8/2019,Snack 1,433.6,44.8,24.8,0.8,0.8,0,30,0,0,7.2,2.4,0,7.2,10,0,0,0
7/9/2019,Breakfast,517,53,29,1,1,0,30,0,0,9,3,0,9,10,0,0,0
7/9/2019,Lunch,684,52.3,12.1,0.2,2,0.7,124.5,214.6,227.9,6.2,0.7,1.4,46.9,3.5,18.5,18.4,15.9
7/9/2019,Dinner,467,30,13,2.4,3,0,45.2,1210.4,329.3,20,16,1.1,20.2,13.4,13.3,35.6,12.2
7/9/2019,Snack 1,165,13.5,9,0,0,0,37.5,295,85,0,0,0,10.5,9,50,30,0
7/10/2019,Breakfast,517,53,29,1,1,0,30,0,0,9,3,0,9,10,0,0,0
7/14/2019,Snack 1,286.5,21.9,11.2,0,0,0,46.3,475.5,0,9,2,5.5,13,129.9,11,36,2
7/15/2019,Breakfast,517,53,29,1,1,0,30,0,0,9,3,0,9,10,0,0,0
7/15/2019,Lunch,603.8,50.4,26.5,0.2,3,1.4,158.7,327.4,583.6,8.4,2.6,1.9,30.1,53.6,19,28.8,18.3
7/15/2019,Dinner,642,51.6,6.6,0.6,8,0,68,76,0,4,0,0,41,0,0,0,20.8
7/15/2019,Snack 1,195.2,14.4,6.2,0,0,0,25.5,334.4,0,9,2,5.5,7.2,124.9,11,19.4,2
7/16/2019,Breakfast,517,53,29,1,1,0,30,0,0,9,3,0,9,10,0,0,0
7/16/2019,Dinner,842.4,66.5,22.9,4.3,2.6,0,83.8,1380.9,365.7,19.4,16.8,3.3,28.8,49.7,26.1,64.4,22.2
7/16/2019,Snack 1,372.9,33.2,15.5,0,0,0,63.5,942.6,0,1,0,0.5,18.1,9.8,1,33.8,1.8
7/17/2019,Breakfast,747.5,67.5,27.5,2,10,0,572.5,1140,388,15,5,5.5,28.5,12,0,24,18
7/17/2019,Lunch,637.4,52.5,21.1,1.5,10,0,115.5,1238.9,333.5,10.4,2.4,3.3,31,21,138.3,49.6,10
7/17/2019,Dinner,297,27,8,0,0,0,0,0,0,9,3,0,9,0,0,0,0
7/17/2019,Snack 1,80,0,0,0,0,0,10,600,300,0,0,0,18,0,0,0,4
7/18/2019,Breakfast,517,53,29,1,1,0,30,0,0,9,3,0,9,10,0,0,0
7/18/2019,Lunch,637.4,52.5,21.1,1.5,10,0,115.5,1238.9,333.5,10.4,2.4,3.3,31,21,138.3,49.6,10
7/18/2019,Dinner,624.8,46.2,9.4,4.7,10.9,0,71.3,677.9,1053.6,19.9,9.4,5.6,33.6,59.1,44.1,39,16.9
7/20/2019,Breakfast,477,48,22,2,6,0,0,0,0,9,3,0,9,0,0,0,0
7/20/2019,Lunch,411.7,32.6,5.3,0.8,5.5,0,72.3,425.3,425.4,6.1,3,1.3,27.4,4.2,7.2,10.3,2.7
7/20/2019,Dinner,720,60,30,0,0,0,190,1920,80,6,0,0,40,24,0,60,4
7/20/2019,Snack 1,200,19,10,0,0,0,0,60,0,12,10,0,3,7,0,4,5
7/21/2019,Breakfast,260,20.5,7.5,0,0,0,392.5,605,140,2,0,0,19.5,12,0,4,8
7/21/2019,Dinner,523.6,33.7,10.5,2.1,9.2,0,341.9,998.1,513.8,12.9,3,3.3,43.5,8.4,106.9,14.3,17.4
7/21/2019,Snack 1,427.9,33,25.7,0.2,0.9,0,57.5,586.4,85.8,20.5,13,2,10,8,0,207.2,20.1
7/22/2019,Breakfast,440,41.5,21.5,2,6,0,392.5,605,140,2,0,0,19.5,12,0,4,8
7/22/2019,Lunch,523.6,33.7,10.5,2.1,9.2,0,341.9,998.1,513.8,12.9,3,3.3,43.5,8.4,106.9,14.3,17.4
7/22/2019,Dinner,625.5,45.6,10.8,3.5,14.9,0.7,57.5,1322.8,705.3,18.5,8.1,5.2,26.1,103.4,28.6,44.5,16.4
7/22/2019,Snack 1,200,19,10,0,0,0,0,60,0,12,10,0,3,7,0,4,5
7/23/2019,Breakfast,530,52.5,32.5,1,1,0,437.5,605,140,2,0,0,19.5,27,0,4,8
7/23/2019,Lunch,523.6,33.7,10.5,2.1,9.2,0,341.9,998.1,513.8,12.9,3,3.3,43.5,8.4,106.9,14.3,17.4
7/23/2019,Dinner,819.3,57.8,32.1,0.1,0.3,0,167.5,1728.8,91.6,11.9,4.3,0.7,36.3,22,0,67.6,9.7
7/23/2019,Snack 1,208.4,18,1.4,4.4,11.4,0,0,0.4,263.9,7.8,4.5,1.6,7.6,0,0,96.8,1.3
7/25/2019,Breakfast,530,52.5,32.5,1,1,0,437.5,605,140,2,0,0,19.5,27,0,4,8
7/25/2019,Lunch,523.6,33.7,10.5,2.1,9.2,0,341.9,998.1,513.8,12.9,3,3.3,43.5,8.4,106.9,14.3,17.4
7/25/2019,Dinner,485.3,32.3,8.6,2.7,10.7,0.7,52.5,1189.8,492.9,13.9,5.1,4.4,24.7,102.2,20.4,43.2,15.2
7/26/2019,Breakfast,530,52.5,32.5,1,1,0,437.5,605,140,2,0,0,19.5,27,0,4,8
7/26/2019,Lunch,338.4,23,7.5,1,8.9,0.8,50.7,943.6,231.4,7.9,2.6,2.3,17.7,56.8,7.3,24.5,6.2
7/26/2019,Snack 1,547,48,16,0,0,0,35,170,210,16,5,4,18,6,0,2,10
7/28/2019,Breakfast,607,53.5,19.5,0,0,0,407.5,605,140,11,3,0,28.5,17,0,4,8
7/28/2019,Lunch,342.7,23,0,0,0,0,0,7.5,71,7.4,1.2,1,23.8,0,37,1,1
7/28/2019,Dinner,805,68.5,35,0,0,0,190,2015,80,15.5,7.5,0,41.5,24,0,61,16.5
8/5/2019,Breakfast,310,26.5,11.5,0,0,0,407.5,605,140,2,0,0,19.5,17,0,4,8
8/5/2019,Dinner,425.2,27.3,10.6,0,0,0,151.9,820.1,0,3,0,3,39.5,0,0,0,12.2
8/5/2019,Snack 1,230.1,19.3,10.2,1.7,2,0,174.6,262.3,83.8,18.3,3.3,1.1,6.8,15.2,1.9,57.9,10.6
8/24/2019,Breakfast,300,29,25,1,1,0,30,135,100,1,0.8,0,10,0,0,0,2
8/24/2019,Lunch,602.6,48.7,20.3,0.2,0.3,0,156,1135.7,11.5,5.6,2,1.2,37.3,25.7,0,48,11.1
8/27/2019,Breakfast,490,42.5,23.5,0,0,0,437.5,675,140,3,1,0,29.5,29,0,4,9
8/27/2019,Lunch,600,52,24,0,0,0,130,1760,0,0,0,0,32,12,30,40,12
8/27/2019,Dinner,291.8,3.9,0.4,0.1,0.1,0,0,269.6,30.8,23.6,4.2,4.1,45.2,3,1,3,6.1
8/27/2019,Snack 1,147.5,3.3,1,0,0,0,50,112.5,180,3.5,0.5,0,25.5,5,0,37.5,2
8/31/2019,Breakfast,411.5,21.5,9.3,0,0,0,401.3,585,645.5,32.7,4.5,6.3,23.5,1094.5,5.1,64,8.9
8/31/2019,Lunch,366.9,10.3,1,1.5,2.4,0,0,111.1,890,50.6,9.4,16.7,12,381.4,144.3,23.5,14.7
9/13/2019,Breakfast,480.8,19.5,7.1,1.9,3.7,0,392,737,850.5,39.4,6.3,9.4,25.1,736,49.5,62,7.8
9/17/2019,Breakfast,233,16.5,5.6,1.9,3.7,0,387,412,138,0.7,0,0.4,17.6,160,0,56,1.8
9/17/2019,Lunch,327.5,5.1,1.3,0,0,0,75,201.5,225,16.6,4.5,5.6,54.4,5,0,58.5,32
9/22/2019,Breakfast,547.8,33,13,0,0,0,423,1235,852.5,40.7,6.3,9,30.5,597,49.5,10,18
9/22/2019,Lunch,596.8,18.7,7.9,0,0.2,0,102.2,1343.1,550.9,65.3,18.1,9.9,46,24.5,34.7,38.2,25.9
9/22/2019,Dinner,511.4,24.7,3.4,3.1,15,0,48.8,76.4,598.5,42,9.4,4.5,35.7,48.5,81.6,14.3,28.6
9/22/2019,Snack 1,258.8,3.2,1.1,0,0,0,80,158.8,180,10.3,0.3,3,48.8,2.5,0,41.3,1
9/23/2019,Breakfast,547.8,33,13,0,0,0,423,1235,852.5,40.7,6.3,9,30.5,597,49.5,10,18
9/23/2019,Lunch,380,11.1,6.3,0.4,0.3,0,40,682,195,39.1,5.6,25,30,9,14,17,4
9/23/2019,Dinner,244,0,0,0,0,0,0,14,0,6.9,0,1.4,0.2,0,0,2,4
9/23/2019,Snack 1,534.3,5.9,1.3,0.3,0.2,0,106.3,914.1,631.6,54.3,5.2,39.9,70.3,91.9,171.8,61.3,14.4
9/25/2019,Breakfast,325,26.5,10.8,0,0,0,407.5,545,140,2,0,0,19.5,17,0,4,8
9/25/2019,Lunch,377.6,10.3,2.5,0,0.3,0,93.3,829.6,496.3,35.7,9.1,9.6,36.1,27.8,52.1,21.3,19.3
9/25/2019,Dinner,280,9,2.5,0,0,0,15,650,0,30,5,3,19,0,0,2,6
9/25/2019,Snack 1,627.2,14,7.3,0.3,0.3,0,120,838.9,185.9,47.5,7.2,26,78.4,12.6,20.1,60.7,6.6
9/28/2019,Breakfast,590,24.5,10.5,0,0,0,250,1190,70,56,3,4,36,18,0,24,16
9/28/2019,Lunch,265,6.3,3.3,0.5,0.5,0,20,340,11,35.5,4.5,19.5,16.6,5,10,9,6
9/28/2019,Dinner,456.5,21,5.8,3,7.6,0,50,50.2,280.9,43,6.6,30.3,31.4,0,0,74.6,8.4
9/28/2019,Snack 1,400,15,6,0,0,0,80,875,0,37,0,0,28,2,4,2,10
9/29/2019,Breakfast,330,11,4.5,0,0,0,205,590,180,35,8.5,12.5,25,11,10,13,11
9/29/2019,Lunch,360,14,6,0,0,0,50,1280,125,16,1,11,43,0,0,8,16
9/29/2019,Dinner,609.9,27.3,7.4,10.7,4.1,0,102.5,561.9,1527.4,49.6,8.6,14.9,46.9,772.3,66.8,24.4,14
10/1/2019,Breakfast,530,41.5,17,0,0,0,475,1112.5,140,2,0,0,36,12,0,4,16
10/1/2019,Lunch,447,21.8,5.7,0,0,0,153.1,2082,568,4.7,1.6,1.9,55.4,20.2,1,9.8,8
10/1/2019,Dinner,708,58.5,0,0,0,0,0,0,0,13.5,3,0,37.5,0,0,0,0
10/1/2019,Snack 1,220,0,0,0,0,0,0,360,200,8,0,0,46,140,44,48,180
10/2/2019,Breakfast,650,44,16,0,0,0,60,960,0,30,5,3,34,0,0,2,18
10/2/2019,Lunch,597.1,26.5,12.8,4,4.6,0.2,142.4,557.9,1483.6,47.2,7.5,14.8,44.7,835.4,75.5,68.9,14
10/2/2019,Dinner,649.2,28.9,16.6,0.7,6.6,0,161.2,1346.9,1532.3,35.8,5.3,24.4,63.2,173,180,60.8,34.5
10/2/2019,Snack 1,360,13,5,0,0,0,50,1080,125,20,1,13,39,0,0,8,12
10/3/2019,Breakfast,543.8,27.4,3.3,6,1.6,0,0,31.3,165,56.3,18.3,13,18.3,2.5,0,37.8,29
10/3/2019,Lunch,705.3,35.7,14.6,3,3,0.1,170.7,620.8,482.6,36,6,4,54.8,28.7,0,44.8,22.9
10/3/2019,Dinner,576.8,11.2,3.6,0.1,0,0,170,583.7,888.7,56.2,9.8,9.7,63.9,26.3,14.5,12.2,33.9
10/3/2019,Snack 1,797.5,27,6,0,7,0,30,860,395,68.8,10.3,35.8,74,140,44,65,213
10/4/2019,Breakfast,506,22.2,2.2,1.5,1.5,1.5,3.8,128.3,98.4,58.5,10,3.1,22.5,2.6,0.1,30.6,21.1
10/4/2019,Lunch,485,22.5,13.5,0,0,0,82.5,1107.5,0,39,6,7,28.5,9,0,30,14
10/4/2019,Dinner,521.8,19.8,4.3,2.1,10,0,127.5,148.4,992.8,40.8,7.4,4.4,47.8,54.1,149.3,18.3,14.5
10/4/2019,Snack 1,313.4,7.5,3.5,1,1,0,20,340.1,5.9,43.1,7.2,11.5,19.1,5.1,10.1,10.4,11.6
10/6/2019,Breakfast,585,27,5.5,0,0,0,20,955,325,49,8,5,29,0,0,8,12
10/6/2019,Lunch,35,0,0,0,0,0,0,20,0,8,0,8,0,0,0,0,0
10/11/2019,Breakfast,622.5,28.6,3.8,6.5,2.1,0,0,142.5,440,70,19.5,14,21,5,0,49.5,35
10/11/2019,Lunch,568.3,24.3,4.2,0,0,0,137.5,664.9,1790.9,21.5,7.8,5.6,64.8,180.7,315.4,22.7,45.6
10/11/2019,Dinner,732.5,36.1,16.9,7,6.1,0.2,181.5,932,630.2,16.2,26.5,2.5,61.5,56.4,21.1,76.8,11.6
10/11/2019,Snack 1,420,12,5,0,0,0,10,460,325,18,1,5,59,140,44,56,184
10/12/2019,Breakfast,395,31,12.3,0,0,0,592.5,647.5,210,3,0,0,25.5,18,0,6,12
10/12/2019,Lunch,905,55.5,24.3,2,0,0,95,1950,0,22.5,27,5,44.5,10,20,44,19
10/12/2019,Dinner,608.7,14.2,1.9,1,4.9,0,130,1632.7,838.7,63.2,4.8,4.5,60.9,20.3,12.5,7.2,39.9
10/12/2019,Snack 1,440,6,0,0,0,0,30,710,200,31,5,7,66,140,44,63,205
10/13/2019,Breakfast,487.5,26,4,0,0,0,15,785,230,39,8,7.5,26,0,0,8,12
10/13/2019,Lunch,940.3,50.7,21.6,4,7,0.1,193.2,913.3,892.6,64,15,8,60.8,91.7,6,58.3,24.9
10/13/2019,Dinner,820,41,16,0,0,0,150,1590,0,58,2,2,50,0,0,8,36
10/13/2019,Snack 1,440,13.5,5,0,0,0,70,1570,125,25,1,17,52,0,0,8,16
10/18/2019,Breakfast,385.3,7.6,1.7,1.2,2,0,189.8,562.9,69,45.9,7.3,8,30.1,205,2,40.4,11.9
10/18/2019,Lunch,580.8,27.3,5.4,1,6.3,1.5,163,1229.8,493,19.3,2.3,13,62,111.5,110.9,13.1,23.1
10/18/2019,Dinner,599.8,22.2,3.8,2,10.4,0,356.6,1205.2,209.8,51.4,12.8,9.2,82.6,153,19.1,55.1,72.7
10/18/2019,Snack 1,440,6,0,0,0,0,30,710,200,31,5,7,66,140,44,63,205
10/19/2019,Breakfast,650,53.5,20.5,0,0,0,800,872.5,280,4,0,0,39,24,0,8,22
10/19/2019,Lunch,220,0,0,0,0,0,0,360,200,8,0,0,46,140,44,48,180
10/19/2019,Dinner,870.7,35.4,17.5,1.7,4.7,0.2,301.9,1815.9,1055,49.2,9.7,11.9,91.2,95.8,21.3,214.1,44
10/19/2019,Snack 1,496.4,24.5,6,0.1,0,0,153,323.1,959.7,7.1,2.8,2.9,65.6,44,18,14.2,5.1
10/20/2019,Breakfast,880,51.5,19.5,0,0,0,615,1240,210,57,3,3.5,49,27,0,23,29
10/20/2019,Lunch,502.5,31.1,13.9,5,8.6,0.2,186.5,342,630.2,4.2,0.5,2.5,52.5,56.4,21.1,64.8,3.6
10/20/2019,Dinner,884.7,33.5,12.4,2.3,7,0.3,276.8,1776.8,750.5,83.9,14.4,22.3,68.4,101.3,13.7,275.4,49.1
10/20/2019,Snack 1,380,2,1,0,0,0,40,1540,200,14,0,6,76,140,44,48,192
10/25/2019,Breakfast,445,19.5,6,1,0,0,389,715,300,48,4,5,23,14,4,8,18
10/25/2019,Lunch,778.4,45.6,18.6,0.2,2.2,0,133.7,579.8,1040.9,36.5,7.8,23.9,49.1,166.3,180,34.9,50
10/25/2019,Dinner,628.8,15.4,2.4,1,4,0,201.3,535,1101.5,41.1,3.1,22.6,81.9,61,6,5.1,8
10/25/2019,Snack 1,420,12,5,0,0,0,10,460,325,18,1,5,59,140,44,56,184
10/26/2019,Breakfast,360,28.5,12,0,0,0,430,642.5,140,2,0,0,24,12,0,4,12
10/26/2019,Lunch,531.1,38.8,17.1,0.1,1.3,0,110,1262.7,223.2,12.4,2.5,6.7,31.3,34.4,177.9,33.1,5.3
10/26/2019,Dinner,558,25.5,4.5,0,0,0,170,460,1223.5,7.5,3.5,1.8,72.8,82,91.5,10.5,27.5
10/26/2019,Snack 1,540,4,2,0,0,0,80,2720,200,20,0,12,106,140,44,48,204
10/27/2019,Breakfast,618.8,25.9,3.7,6.5,2.1,0,0,93.8,255,75.3,19.8,18.8,19.6,7.5,0,63.3,34.5
10/27/2019,Lunch,747.8,38.1,16.6,3.2,3.4,0.1,175.5,717,473.3,40,6,4,57.2,34.5,0,54.8,21.2
10/27/2019,Dinner,825,25.5,7.3,0,3,0,347.5,1167.5,780,62,2,1,88,6,0,2,19
10/27/2019,Snack 1,540,10,2,0,0,0,110,2710,0,35,5,19,80,0,0,15,49
11/1/2019,Breakfast,369.1,4,1,0,0,0,12.4,1190.3,0,51,7.5,9.5,31.3,0,1,3,10
11/1/2019,Lunch,642.3,25.1,11.1,1.1,3.4,0,77.2,1071.1,848.6,73,11.6,4.3,29,69,17,47.2,15.9
11/1/2019,Dinner,750,21.2,6.6,1.9,5.5,0,188.6,591,1854.6,58.1,11.1,8.6,90.2,57.3,584.6,92.3,57.9
11/1/2019,Snack 1,200,12,5,0,0,0,10,100,125,10,1,5,13,0,0,8,4
11/2/2019,Breakfast,272,9.7,1.6,2.2,3.9,0,0,137.3,236.1,37.1,7.5,4.8,8,8.9,4.4,47.7,15.5
11/2/2019,Lunch,716.6,23.2,4,4,9.2,0,191,2547.3,1601.9,62.2,6.7,11.3,67,382.9,21.5,22.6,26.5
11/2/2019,Dinner,448.8,8.6,1.4,0.8,0.8,0,163.3,198.3,867.1,20.5,1.2,0.8,72.8,6.9,73.2,5.1,13.1
11/2/2019,Snack 1,220,0,0,0,0,0,0,360,200,8,0,0,46,140,44,48,180
11/3/2019,Breakfast,354.9,29.3,12.2,0,0,0,426.1,534,295.1,2.5,0.1,0.1,20.6,12.5,0.3,4.2,11.9
11/3/2019,Lunch,744.3,57.4,13.3,1.1,4.9,0,180,545,467.4,11.1,3.4,5.4,44.3,564.6,12.9,67.5,12.4
11/3/2019,Dinner,636.2,37.3,16.5,1.3,9.3,0,201,1519.4,79.7,11.2,3.4,5.1,66.2,192.1,20.4,82.7,21.6
11/3/2019,Snack 1,220,0,0,0,0,0,0,360,200,8,0,0,46,140,44,48,180
11/5/2019,Breakfast,312.1,3.5,1,0.4,0.2,0,75,102.8,833.8,35.3,5.1,20.6,42.1,384.7,149.2,125.4,2.4
11/5/2019,Lunch,649.9,20.9,5.8,1.6,7.5,0,18.8,845,1280,89.1,20.2,12.2,27.4,200.9,110.9,44.9,32.5
11/5/2019,Dinner,793.3,27.6,3.6,7.1,2.4,0,30.6,980,116.3,103.4,20.8,13.5,31.5,3.2,37.5,19.4,12
11/5/2019,Snack 1,435,8,3,0,0,0,20,910,11,56,7.5,15.5,35.1,4,0,11,9
11/6/2019,Breakfast,392.3,20.6,1.9,2.2,3.9,0,0,98.4,95.2,43.7,9,8.1,12.4,1.3,4.3,11,16.4
11/6/2019,Lunch,400.9,5.3,2,0,0,0,10,400,627.6,62,16.4,5.5,29.6,11.3,141.3,28.3,38.7
11/6/2019,Dinner,395,11.3,6.3,0.5,0.5,0,40,680,170,42,7,22,30.5,10,8,24,7
11/6/2019,Snack 1,529.6,25.4,15.6,0,0,0,85,292,372.5,25.7,2.4,13.7,52.3,0.8,8.6,23.9,4
11/7/2019,Breakfast,387,28,7.6,1.4,7,0,565,385,564,10.5,5,2,26.5,22,12,10.5,14
11/7/2019,Lunch,338.4,19,5,0.1,1.3,0,25,631.3,1416.3,28,9.2,9.3,14.5,307.2,442.3,55.8,34.3
11/15/2019,Breakfast,563,10.3,2.3,1.9,2.7,0,22.5,218,651.6,80.6,13.1,38.6,45.6,30.9,103.8,80.2,19
11/15/2019,Lunch,614.1,7.8,1.1,2,0.7,0,0,1903.7,899.8,117.4,13.2,37,20.6,17.3,146.2,68.4,16.1
11/15/2019,Dinner,699.9,13.7,6,2.8,2.1,0,74.9,419.9,735.3,120.8,14.3,18.1,24.5,624.2,108.1,48.3,29.7
11/15/2019,Snack 2,199.3,2.8,1.5,0.1,0.7,0,9,920.1,304.3,14.3,1.6,12.2,28.6,7.5,8.1,14.4,2.4
11/16/2019,Breakfast,392.3,20.6,1.9,2.2,3.9,0,0,98.4,95.2,43.7,9,8.1,12.4,1.3,4.3,11,16.4
11/16/2019,Lunch,811.5,34.2,4.7,0.3,0.1,0,0.1,359,1606.7,95.3,27.1,15.4,36.2,330.8,272.4,44.5,48
11/16/2019,Dinner,199.3,2.8,1.5,0.1,0.7,0,9,920.1,304.3,14.3,1.6,12.2,28.6,7.5,8.1,14.4,2.4
11/16/2019,Snack 1,405.7,5.1,2.4,0.1,0.1,0,92.5,194.4,899.6,41.4,7.2,22.4,56.5,347,215.7,65.8,11.9
11/17/2019,Breakfast,342.3,12.3,4.6,2,4.4,0,381,1062.1,442.3,15,1.6,12.6,41.2,167.5,8.1,70.4,4.2
11/17/2019,Lunch,469.2,8.9,3,0.1,0,0,105,726.7,537.1,66.5,10.5,9.4,34.4,19.9,223.3,55.4,25.6
11/17/2019,Dinner,448.1,27.3,18.1,0.7,5.3,0.3,53.3,516.8,204.5,33.2,5.1,5.9,20.4,98,7.8,231.3,10.2
11/17/2019,Snack 1,200,12,5,0,0,0,10,100,125,10,1,5,13,0,0,8,4
12/7/2019,Breakfast,379,28.9,11.1,1.9,5.2,0,425,740,138,3.3,0,1.4,26.8,163.6,0,68,5.8
12/7/2019,Lunch,387.1,23.7,5.7,2.1,10.8,0,89.7,487.3,280.4,7,2.8,4,41.2,21.6,12.5,18.7,22.4
12/7/2019,Dinner,479.1,33.9,18.5,0.8,6.2,0.5,106.1,522.7,43.1,11.3,1.5,1.3,45.5,189.1,2,404.6,11.6
12/7/2019,Snack 1,603.9,35.7,4.3,10.1,2.3,0,0,164.5,348.3,31.3,12.8,2.9,53.8,7.5,0.2,137.5,28.4
12/8/2019,Breakfast,444,23,8.6,2.9,8.2,0,405,855,528,35.3,6,1.9,26.3,163.6,22.5,77,12.8
12/8/2019,Lunch,440.2,12.6,1.7,3.1,5.5,0,50,509.6,568.7,52.5,13.4,8.2,34.7,35.9,279.9,18.2,31.4
12/8/2019,Dinner,671.5,35.3,18,4.1,9.2,0.7,159.4,591,1108.5,43.9,6,10.9,46.2,754.6,7.5,412.1,15.3
12/8/2019,Snack 1,365.7,2.8,1.6,0.1,0.1,0,17.5,119.4,764.6,36.9,7.2,22.4,55,347,215.7,56.8,11.9
12/9/2019,Breakfast,465,9.3,1.5,2.3,2.8,0,0,132,85,82.5,9.3,27,15.7,1,0,16,24
12/9/2019,Lunch,601.7,6.2,0.4,0.8,0.7,0,130,800.4,712.3,72.9,5.2,19,63.8,82.2,586.4,10.1,25.4
12/9/2019,Dinner,932.8,34.3,9.2,0.9,5,0,0,677,710.6,129.8,10.1,19.9,31.9,565.5,13.8,14.7,26.1
12/9/2019,Snack 1,410.9,4.9,1.1,0.7,0.2,0,0,129.6,877.7,36,10.1,22.3,58.1,14.6,268.1,137,5.9
6/25/2020,Breakfast,405.6,15.1,5.6,2,3.7,0,381,417.2,490.4,52.8,5.3,16.7,20.2,175.9,71.9,62.9,17.4
6/25/2020,Lunch,507.1,24.7,8.7,2.3,3.6,0.1,78.9,951.5,694,41.7,10.7,5.3,32,28.3,20,49.3,22.4
6/25/2020,Dinner,353.3,10.9,2.1,1.1,6.7,0,55.8,245,582.3,36.2,4.2,8.3,24.9,42.3,121.8,64.2,6.3
6/25/2020,Snack 1,288.9,14.3,67.5,0,0,0,50,931.4,83.4,21.3,1.7,2.6,17.3,12,94.2,8.3,5.3
6/25/2020,Snack 2,160,4.6,1.2,1.1,1.8,0,36,64,351,18.7,2.5,15,11.9,1,14,2,5
6/26/2020,Breakfast,394.5,13.9,26.6,1.1,1.8,0,205,421.5,478.5,58.1,5.8,21.2,15.2,155,178,86.9,118.2
6/26/2020,Lunch,447.8,17.9,2.7,6.7,6.4,0,40,206.9,758.2,51.6,6.5,4.8,26.6,58.1,164,88.7,8.5
6/26/2020,Dinner,240,2,0,0,0,0,0,475,0,43,5,15.5,14,0,0,2,6
6/26/2020,Snack 1,333.3,5.4,1.9,0,0,0,31.3,858.3,218.2,28.5,5,2.9,12.9,4.5,0,11,12.7
6/26/2020,Snack 2,170,0,0,0,0,0,0,0,0,44,0,14,0,0,0,0,0
6/27/2020,Breakfast,121,0.1,0,0.1,0,0,0,3.5,409.5,33,3.6,18.8,1.3,19,78,2.5,8.5
6/27/2020,Lunch,389.5,12.8,1.8,0,0,0,10,289.3,112,55.2,4.2,5.7,18.2,98.3,7.3,10.4,11.8
6/27/2020,Dinner,1315.5,35,7,0,5.1,0,285.5,2722.5,246,150.8,4.2,20.2,43.4,27,20,6,6
6/27/2020,Snack 1,30,0.2,0,0.1,0.1,0,0,0,146.3,7.3,1.2,6.5,0.7,5,8.5,0.5,1.1
6/27/2020,Snack 2,105,0,0,0,0,0,0,0,0,0,0,0,0,0,0,0,0
6/28/2020,Breakfast,199,9.7,3.8,1,1.8,0,197.3,307.3,69,18.4,1.5,2.5,11.6,84.5,0,34,6.9
6/28/2020,Lunch,554.1,30.6,14.2,0.6,2.2,1.1,45.7,1207.3,80.4,49.2,3,3.3,19.8,22.4,0.7,33.4,9.5
6/28/2020,Dinner,522.1,24.8,6.3,2.7,7.1,0.1,63.9,863.7,809.3,47,13,5.5,30.6,25.3,20.6,40.6,26.5
6/28/2020,Snack 1,128,0.2,0,0,0,0,0,0,0,21,2.5,16,1.6,0,0,0,0
6/29/2020,Breakfast,121,0.1,0,0.1,0,0,0,3.5,409.5,33,3.6,18.8,1.3,19,78,2.5,8.5
6/29/2020,Lunch,499.8,28.1,12.8,0.4,1.8,0.8,51,1080.4,101.6,46.3,3.8,4.8,19.1,13,0.4,19.4,10.1
6/29/2020,Dinner,718.6,37.5,7.8,5.7,3.2,0,0,1080.3,128.7,34.5,3.6,25.2,58.8,90.6,51.7,11.8,30.2
6/29/2020,Snack 1,131,4,1.5,0,0,0,17.5,418.5,73.2,17.8,1.7,5.3,8.7,5.5,4.2,4.4,5.9
6/29/2020,Snack 2,208,0,0,0,0,0,0,0,0,0,0,0,0,0,0,0,0
6/30/2020,Breakfast,121,0.1,0,0.1,0,0,0,3.5,409.5,33,3.6,18.8,1.3,69,178,52.5,108.5
6/30/2020,Lunch,504,19.7,4.9,4.1,6.2,0.1,425.9,655.1,558,47.3,2.5,5.7,31.9,184.1,35.3,74.2,9.7
6/30/2020,Dinner,597.1,25.3,4.7,9.4,8.7,0.1,78.2,459.2,944.3,63.7,5.8,6.6,31.3,67.3,121.9,87.8,7.6
6/30/2020,Snack 1,245,2.2,0.8,0.1,0.1,0,5,331.7,419.6,51.1,2.5,24.5,7.4,23.3,23.8,28.8,34.4
6/30/2020,Snack 2,191,0.3,0,0.2,0.2,0,0,0,790,46,7.8,36.5,1.8,3.5,311,7,5
7/1/2020,Breakfast,221,3.4,1.3,0.4,0,0,17.5,311,449.5,45.5,4.6,20.8,7.3,22,78,5.5,11.5
7/1/2020,Lunch,618.1,26.4,5,9.7,9.1,0.1,88,467.4,977.8,63.7,5.8,6.6,34.1,70.1,121.9,90.5,7.8
7/1/2020,Dinner,500.8,16.2,2.2,0.5,0.9,0,230,940.5,1124.5,44.5,10.4,2.3,52,57,24,33,28.4
7/1/2020,Snack 1,200,6,2,0,0,0,65,240,340,14,1,3,22,0,0,15,8
7/1/2020,Snack 2,475,0,0,0,0,0,0,22.8,710.6,12.9,0,3.5,0.4,0,0,0,15.2
7/2/2020,Breakfast,312.5,15.1,5.4,1.9,3.7,0,383.3,455.3,138,26.4,2.2,3.4,20,164.5,0,63.4,10.6
7/2/2020,Lunch,1000,45,21.5,0,0,0,145,1530,0,107,7,13,41,0,0,0,0
7/2/2020,Dinner,465,13.8,1.4,0,0,0,137,905,1090,44.3,10.4,2.2,48.9,17,24,19,28
7/3/2020,Breakfast,308,15.1,5.2,1.9,3.7,0,381,172,138,24.2,0,0.4,18.6,163,0,56,1.8
7/3/2020,Lunch,596.7,28.9,5.7,10.4,10,0.2,117.4,465.4,995.6,46.2,5,6.1,40.6,77.8,121.9,97.9,6.4
7/3/2020,Dinner,536.6,21.9,6.9,5.3,2,0,48.1,366.4,235.5,50.5,2.7,5.8,36.9,32.1,104.8,14,2.9
7/3/2020,Snack 1,200,6,0,0,0,0,0,0,0,14,0,0,22,0,0,0,0
7/4/2020,Breakfast,556.4,18.5,4.3,2.6,3.7,0,398.3,641.1,908,62.6,9.1,3.9,34.9,160,3,133.1,12.3
7/4/2020,Lunch,546.6,17.5,0,0,0,0,0,0,0,76.2,3.8,0,33.5,0,0,0,0
7/4/2020,Dinner,563.7,29.3,4.3,2,9.8,0,262.5,2054.1,312.1,42.4,5.4,19.5,33.9,19.1,26.9,15.4,19.5
7/6/2020,Lunch,706.8,31.8,3,2,6.6,0,58.3,818.3,906,72.4,12.6,9.1,35.7,33.1,18.3,67.3,11
7/6/2020,Dinner,784.7,24.8,10,8,20.6,0,133.5,532.6,734.3,168.5,20.4,16,86.4,95.4,38.2,45.5,62
7/6/2020,Snack 1,264.7,12.1,3.1,2.1,6.2,0,112.5,740.5,344.5,13.7,2.8,3,27,189.1,10.3,19.2,6
7/7/2020,Breakfast,596,29.3,8.7,4.8,7.4,0,764,606.5,436,44.4,4,5.8,35.2,322,0,118,11.6
7/7/2020,Lunch,529.4,24.1,6.3,4.3,12.4,0,225,1481,689,27.4,5.7,5.9,53.9,378.2,20.5,38.4,11.9
7/8/2020,Breakfast,278,11.8,3.1,1.9,3.7,0,372,142,138,24.2,0,0.4,18.6,160,0,56,1.8
7/8/2020,Lunch,515.1,22.9,2.3,1.5,5,0,40,604.4,679.5,53.5,9.5,6.1,26,23.4,13.7,48.9,8.2
7/8/2020,Snack 1,200,6,0,0,0,0,0,0,0,14,0,0,22,0,0,0,0
7/9/2020,Breakfast,279.5,8.1,2.4,1.4,1.8,0,193,171.8,518.5,44.4,4.6,20.5,10.6,100,78,32.5,11.4
7/9/2020,Lunch,515.1,22.9,2.3,1.5,5,0,40,604.4,679.5,53.5,9.5,6.1,26,23.4,13.7,48.9,8.2
7/9/2020,Dinner,407.4,16.7,2.7,3.5,2.9,0,0,354.2,553.4,54.1,4.7,5.9,14.5,43.4,121.9,65.3,3.7
7/9/2020,Snack 1,368,12,3.2,1.8,3,0,71,564,340,36.8,2.2,4.2,26.8,0,0,19.8,15.2
7/9/2020,Snack 2,177,7.9,1.5,0,0,0,18,531,0,10.7,1.5,6.2,17,0,0,3,9.4
7/10/2020,Breakfast,312.5,9.5,2.9,1.4,1.8,0,196,226.1,560.5,48.2,5,23.9,11.8,104.5,82.5,32.5,12.7
7/10/2020,Lunch,515.1,22.9,2.3,1.5,5,0,40,604.4,679.5,53.5,9.5,6.1,26,23.4,13.7,48.9,8.2
7/10/2020,Dinner,569.4,24.8,4,3.5,2.9,0,0,354.2,553.4,70.3,4.7,5.9,22.6,43.4,121.9,65.3,3.7
7/10/2020,Snack 1,117,0.8,0.1,0.3,0.2,0,0,0,570,28.6,4.5,25.2,2.7,48,19.8,18,0.8
7/10/2020,Snack 2,310,9.8,3.5,0,0,0,82.5,647.5,340,27,2,5,30,3,0,19,7
7/11/2020,Breakfast,178.5,8.6,1.2,2.8,4.2,0,0,1.7,293.9,24.6,3.5,16.9,5.1,4.9,78.9,22.7,1.7
7/11/2020,Lunch,781,11,0,0,0,0,0,105,0,43,0,39,39,0,0,0,0
7/12/2020,Breakfast,136,0.1,0,0.1,0,0,0,3.8,451.5,36.8,4,22.2,1.5,23.5,82.5,2.5,9.8
7/12/2020,Lunch,390.3,14,4.6,1.4,4.1,0,110,1353.5,350.7,36.3,7.8,5.5,32.7,138.8,58.3,26,13.2
7/12/2020,Snack 1,399,0,0,0,0,0,0,0,0,12,0,0,0,0,0,0,0
7/13/2020,Breakfast,413.6,21.9,5.5,3,9.4,0,379.5,534.5,384.7,35.9,7.9,10.7,19.1,710.6,55.4,66.2,8.6
7/13/2020,Lunch,439.7,13.6,3.1,2.1,6.2,0,112.5,1020.5,394.5,50.7,8.3,3,31.5,189.1,10.3,27.2,16
7/13/2020,Dinner,477.1,15.1,1.6,5.7,4,0,75,681.4,460.8,61.2,6.6,5.6,28.9,83.1,119.8,69.9,114.8
7/13/2020,Snack 1,149,2.3,0.4,1.4,0.7,0,0,25.4,106,33.5,3.3,23.5,2.8,15.3,8.3,0.3,1.3
7/13/2020,Snack 2,165.3,2.3,0.3,0,0,0,0,25.3,101.1,9.6,0.5,7.5,0.8,5,0,6.7,0.5
7/14/2020,Breakfast,556,24.4,7.4,1.9,3.7,0,405.8,800.3,408.7,57.5,6.4,31.2,26.3,768,151.7,125.4,112.5
7/14/2020,Lunch,527.9,17.6,4.2,2.8,8.2,0,150,1267.3,509.3,55.3,9.3,4,40.4,252.1,13.7,33.6,18
7/14/2020,Snack 1,139,0.4,0.1,0.2,0.2,0,0,0,285,33.5,4.3,29.1,2.8,11,18,0,2
7/14/2020,Snack 2,306.5,20.9,11.2,0,4,0,0,561.8,0.4,28.6,0.7,3.2,0.7,0,0,0.7,2.1
7/15/2020,Breakfast,491.6,24,6.4,1.9,3.7,0,394.5,578,563.8,44.3,5,24.4,23,489.8,31,81,9.3
7/15/2020,Lunch,452.9,17.1,4.2,2.8,8.2,0,150,1267.3,459.3,39.3,8.8,4,38.9,252.1,13.7,33.6,14
7/15/2020,Dinner,368,7.5,0.5,3.8,1,0,50,280,556,42.5,7,8,30,10,128,15,14
7/15/2020,Snack 1,355,9.5,1.5,2.3,3.8,0,12.5,875,86,51.5,2.5,13,14.5,0,0,8,15
7/15/2020,Snack 2,132.1,1,0.3,0.4,0.3,0,0,32,0,30.1,2.6,19.6,2.5,2,53,1,5
7/16/2020,Breakfast,479.3,24.5,6.7,2.6,7.5,0,394.5,531.6,603.2,42.1,7.9,19.5,23.1,591.9,49,71.2,10.2
7/16/2020,Lunch,452.9,17.1,4.2,2.8,8.2,0,150,1267.3,459.3,39.3,8.8,4,38.9,252.1,13.7,33.6,14
7/17/2020,Breakfast,411,11.9,3.4,2.2,3.8,0,372,167,382,55.7,3.4,20,19.7,164,0,61,7.2
7/17/2020,Lunch,362.4,13.6,2,2.7,7.5,0,15,211.8,688.1,50.3,11.4,16.8,13.5,46.8,91.5,17.5,7
7/17/2020,Snack 1,110,2.3,0.3,0,0,0,0,25,97.5,20.8,0.5,18.8,0.8,5,0,6.3,0.5
7/17/2020,Snack 2,157.5,10.5,1.5,0,0,0,0,0,0,12,2.3,5.3,5.3,0,0,4.5,6
7/21/2020,Breakfast,317.3,12.4,3.4,1.9,3.7,0,372,293.6,330.3,35,4.7,16.1,15.8,576.3,39.2,66.7,7
7/21/2020,Lunch,587,23.8,3,7.2,9.7,0,0,1533.7,584.7,75.8,8.7,31.1,21.9,27.5,74.8,5.6,17.5
7/21/2020,Dinner,437.6,17.2,2.1,2.1,10,0,121,191.9,1113.2,41.1,4.6,2.3,40.5,44.1,121.8,74.8,11.9
7/21/2020,Snack 1,188.6,0,0,0,0,0,0,1.9,317.3,47.8,5.5,38.1,1.5,22.5,25.6,1.8,10.4
7/21/2020,Snack 2,166,2.5,0.2,0.3,0,0,0,20,205.3,35.2,5.1,7.4,5.3,4,0,5,5.8
7/22/2020,Breakfast,382,13.7,3.5,1.9,3.7,0,372,309.4,399.7,48.9,5,28.7,16.3,579.3,39.3,71.7,7.4
7/22/2020,Lunch,482.3,17.1,2.4,4,7,0,11.3,1578.9,0,52,4,7.5,34.9,9,42.5,4,13.5
7/22/2020,Dinner,622.9,9.9,1.1,3.1,2.5,0,102.8,169.8,1021.6,61.1,4.6,2.3,38,43.8,121.8,73.2,11.3
7/22/2020,Snack 1,59,0.4,0,0.1,0.1,0,0,0,285,11.7,2.3,11.7,1.4,9,16,0,2
7/23/2020,Breakfast,437.8,15.3,3.5,2,3.8,0,372,182.8,589.9,54.5,3.1,32.1,20.1,177,16.1,67.3,4.7
7/23/2020,Lunch,483.8,17.1,2.4,4,7,0,11.3,1579.1,14.7,52.4,4.1,7.7,35,9.5,42.8,5.6,13.5
8/2/2020,Breakfast,553.5,17,4.8,2,3.7,0,379.5,374.9,500.5,77,7.1,49.4,20.5,810.5,145.3,80.6,8.7
9/14/2020,Breakfast,343,20.3,5.7,2.6,7.4,0,379.5,344.6,479.9,23.9,4.5,1.8,17.4,165.1,6.8,61.8,9.7
9/14/2020,Lunch,571.7,14.5,4.1,1.1,5.5,0,70,1056.5,555.9,74.8,17.4,21.9,37.2,910.5,97.1,16.1,41.4
9/14/2020,Dinner,425.9,15.6,4.1,0.9,1.6,17.8,38.4,853.2,518.4,43,11.5,6.8,20.8,261.8,66.7,89.9,15.1
9/14/2020,Snack 1,156.2,5.2,4.5,0,0,0,0,208.4,115,24,1.5,12.1,1.7,25,160,0.1,1
9/14/2020,Snack 2,90,3,0,1,2,0,0,220,50,13,1,1,1,0,0,0,0
9/15/2020,Breakfast,356,20.5,5.7,2.6,7.4,0,385.5,200.6,479.9,24.1,4.7,1.3,19.8,165.1,3.8,61.8,8.7
9/15/2020,Lunch,538.5,14.5,4.1,1.1,5.5,0,70,1043.3,555.9,67.2,16.1,19.5,36.5,768.8,85.1,14.6,39.9
9/15/2020,Dinner,530.9,28.8,13,0.4,1.6,18,55.9,1338.2,524.4,44.3,9.4,16.5,27.6,264.6,68.1,89.3,11.1
9/15/2020,Snack 1,80,3,0,1,2,0,5,210,40,13,1,1,1,0,0,10,0.3
9/15/2020,Snack 2,201,1.3,0.3,0.2,0.5,0,0,3,564,50,5,46,2.8,72,203,3,2
9/16/2020,Breakfast,436.4,12,1.6,1.2,1.2,0,0,102.1,401.2,73.5,10.2,26.9,9.6,20.4,3.1,51.1,15.2
9/16/2020,Lunch,465.3,20.5,11.2,0.4,1.6,0.2,59.1,885.7,524.4,40.9,9.4,14.1,31,267.1,68.1,87.4,9.8
9/16/2020,Dinner,457.5,11.4,2.1,0.7,5.2,0,34,451.1,506.3,36.1,4.3,5.3,53.7,42.3,121.8,64.2,7
9/16/2020,Snack 1,247.2,6.7,5.7,0.1,0.3,0,0,11.5,282.1,46.5,2.5,27.7,3.2,36,101.5,1.5,1
9/16/2020,Snack 2,127.5,3,0.5,0.4,0.5,0,15,316.3,32.5,14.5,0.3,10.3,10,0,0,2.5,7.5
9/17/2020,Breakfast,460,17.6,4.1,3.2,8.9,0,372,157.6,841.8,50,10.2,3.6,24.5,161.2,5.4,131.8,10
9/17/2020,Lunch,635.4,15.7,4.3,0.8,2.7,0,58.2,1096,1289.8,83,17,53.6,33.9,442,296.4,123.4,15.8
9/17/2020,Dinner,361,4.1,1,0.1,0,0,28.3,428.4,506.3,36.1,4.3,5.3,45.8,42.3,121.8,64.2,7
11/13/2020,Breakfast,276.3,16.7,5.4,3.4,5.7,0,382,503.3,138,13.7,8,0.4,20.6,163.3,0,66,9.8
11/13/2020,Lunch,579.9,22.9,5,1.1,7.1,0,95,716.1,1499.1,57.4,7.2,5.9,39.9,4,64.5,4.6,35.8
11/13/2020,Dinner,740.5,31,4,6.7,8.7,0,0,615,541.3,95.1,4.5,9.3,22.8,42.3,125.8,68.2,5
11/13/2020,Snack 1,120.3,0.4,0,0,0,0,0,0,332.1,30.2,4,20.2,1.8,56,128,4,0
11/14/2020,Breakfast,292.2,16.3,2.7,2.5,7.4,0,0,175.7,374,29.5,8.9,3.5,11.9,5.3,7.5,24.8,6.6
11/16/2020,Breakfast,180,1.7,0.3,0,0,0,0,600,84,30,1.7,8.8,5.9,1,1,2,26
11/16/2020,Lunch,565,16,8.6,1.2,1.2,0,50,940,227,75.6,8.8,32,35,13,8,31,13
11/16/2020,Dinner,631.3,36.3,13.3,2.4,11.1,0.4,60,748.5,366.9,42.1,5.9,12.4,35.4,59.8,51.4,20.1,18.1
11/16/2020,Snack 1,66.5,4.9,3.2,0,0,0,0,1.8,0.4,4.6,0.7,3.2,0.7,0,0,0.7,2.1
11/16/2020,Snack 2,0,0,0,0,0,0,0,0,0,0,0,0,0,50,100,50,100
11/17/2020,Breakfast,291.3,15,5.4,2.4,3.7,0,382,360.3,138,22.7,3,2.9,14.6,163.3,3,58,6.8
11/17/2020,Lunch,514.5,11.9,0,0,0,0,241.5,1564.5,0,29.4,0,0,70.5,0,0,0,0
11/17/2020,Dinner,765.3,37.7,14.5,0.7,4.8,0.2,78.2,1492.2,101.7,78.5,5.1,0.2,33.3,42.8,4.4,41.9,10
11/17/2020,Snack 1,120.3,0.4,0,0,0,0,0,0,332.1,30.2,4,20.2,1.8,56,128,4,0
11/17/2020,Snack 2,0,0,0,0,0,0,0,0,0,0,0,0,0,50,100,50,100
11/18/2020,Breakfast,291.3,15,5.4,2.4,3.7,0,382,360.3,138,22.7,3,2.9,14.6,163.3,3,58,6.8
11/18/2020,Lunch,668,10.4,0,0,0,0,161,2243,0,79.6,5,5,59.5,0,0,0,20
11/18/2020,Dinner,631.4,30.2,3.4,4.4,16.3,0,52.5,1866.2,165.9,73,13.5,27.4,24,90,50,73.6,26.7
11/18/2020,Snack 1,120.3,0.4,0,0,0,0,0,0,332.1,30.2,4,20.2,1.8,56,128,4,0
7/21/2021,Breakfast,370,7,1.5,0,0,0,0,510,0,68,2,20,10,0,0,0,0
7/21/2021,Dinner,770,8,0,0,0,0,0,980,0,93,12,13,16,8,16,8,30
7/21/2021,Snack 1,138,0,0,0,0,0,0,0,0,0,0,0,0,0,0,0,0
7/21/2021,Snack 2,395,25.5,6.5,10,3.5,0,60,1130,0,21,0,3,18,2,2,2,4
7/22/2021,Breakfast,583,13.5,4.1,1.9,5.2,0,387,887,658,88.7,9,22.4,26.6,170,88,66,38.8
7/22/2021,Lunch,370,13,4.5,0,0,0,105,420,390,40,4,3,21,40,70,15,20
7/22/2021,Dinner,479.6,21.7,2.9,3.2,10.6,0,51.4,423,106.3,28.9,4.9,2.6,33,156.5,24.3,24.5,10.8
7/22/2021,Snack 1,280,0,0,0,0,0,0,0,0,24,1,24,0,0,20,0,0
7/23/2021,Breakfast,340,15,5,0,0,0,105,740,0,36,3,3,14,15,10,15,15
7/23/2021,Lunch,534.1,26.5,7,8.6,3.3,0,83.9,923.9,280.5,32.6,12,9.7,35,120.6,70.9,40.1,7.4
7/23/2021,Dinner,812.5,18,0,0,0,0,0,17.3,0,62.7,7.5,46,51.6,0,0,0,0
7/24/2021,Breakfast,330,6,0,0,0,0,0,550,380,51,1,2,17,0,0,2,8
7/24/2021,Lunch,495,14.5,4.5,1,0.5,0,70,1160,410,64,5,12,26,52,30,8,14
7/24/2021,Dinner,471,4.4,1.6,0.2,0.8,0,132,842,669,48,8,0,58.7,0,48,9.5,53.5
7/24/2021,Snack 1,662,39.8,10,0,0,0,85,380,0,57.4,2,15,22,12,0,5,8
7/25/2021,Breakfast,442.8,6.9,0.5,0.2,0.1,0,0,340.2,867.1,84.9,10.7,27.1,10.5,26.5,50.4,32.2,11.2
7/25/2021,Lunch,432,25.8,1,1,7,0,0,115,430,35.4,1,0,15,0,10,0,2
10/5/2021,Breakfast,460.3,17.3,1.3,1,0.5,0,0,426.9,415,70.4,11.2,35.6,14,22.3,8,18.4,27.3
10/5/2021,Lunch,502.5,35.2,6.8,0,0,0,101.5,334.5,181.5,25,5,7.5,28,175,125,21.5,16
10/5/2021,Dinner,433.4,4.1,0.9,1.1,0.4,0,66,424.1,1024.5,59.1,11.6,4,38.1,0,0,77.4,28.8
10/11/2021,Breakfast,421.4,10.6,1.3,2.7,1.7,0,0,108.6,191.6,71.7,11.8,19.5,13.4,0.4,0.2,71,18.7
10/11/2021,Lunch,350,18,6,0,0,0,62,304,0,29,5,0,19,0,0,0,0
10/11/2021,Dinner,617.5,25.1,5.8,1.8,2.4,0.2,113.5,1554.5,207,39.4,9,9.4,39.2,4.3,90,9,39.6
10/11/2021,Snack 1,200,6,0,0,0,0,0,0,0,14,0,0,22,0,0,0,0
10/11/2021,Snack 2,336.3,17.3,3,0,0,0,0,185,283.8,47,7,29.5,7.3,1.3,10,1.3,1.3
10/22/2021,Breakfast,432.5,11.1,1.3,2.7,1.7,0,0,145.8,211.4,70.9,11.2,19.9,15.3,0,0.1,45.9,20
10/22/2021,Lunch,654.8,23.6,11.8,0.1,0,0,105,304.5,1184.1,62.3,4.9,14.6,47.5,0,34.5,6.2,19
10/22/2021,Dinner,897.8,46.1,21.2,4.1,14.3,0.6,428,2869.8,625.3,85.7,4.2,6,33.7,303,4,644.2,8
10/24/2021,Breakfast,478.9,26,10.5,4.5,8.1,0,440.8,1248.6,355.2,28.9,0,2.6,28.2,194.6,0,71.2,16.6
10/24/2021,Lunch,775,32.2,9.2,0,0,0,46,1707,221,43.2,3,6,20.4,121,11,4,2
10/26/2021,Breakfast,432.5,11.1,1.3,2.7,1.7,0,0,145.8,211.4,70.9,11.2,19.9,15.3,0,0.1,45.9,20
10/26/2021,Lunch,509.6,34.2,3.9,7.4,0,0,98.8,992.1,714.7,25.5,2.2,2,24.4,6.9,14.8,9.1,10.1
10/26/2021,Dinner,1045.5,59.5,19.1,0,0,0,195.3,1591.9,36.3,65,7,9,63.6,20,6,20.3,22.2
10/27/2021,Breakfast,432.5,11.1,1.3,2.7,1.7,0,0,145.8,211.4,70.9,11.2,19.9,15.3,0,0.1,45.9,20
10/27/2021,Lunch,368.9,11.2,5.1,1.2,2.3,0.3,28,1352.9,967,52.5,1.5,17.1,12.1,70,16.5,322.6,10.8
10/27/2021,Dinner,749.8,40.3,15,1.5,0,0,203,1695.5,462.7,37.4,1.4,3.3,52.4,9.2,3.4,18,22
10/27/2021,Snack 1,315,17,2.5,3.5,6,0,0,200,234,40,6,25,8,5,10,3,5
10/27/2021,Snack 2,120,5.8,2.8,0,0,0.1,0,23.3,0,14.7,0,12,1.3,0,0,2.7,2
10/28/2021,Breakfast,368,18.5,8.1,1.9,3.7,0,392,562,365,34.7,4,24.4,17.6,161,8,77,2.8
10/28/2021,Lunch,465.8,16.4,7.6,1.5,3.5,0.5,42,1791.8,1295.4,61.6,2,22.9,15.6,105,22,478.9,11.1
10/28/2021,Dinner,710,31,6,0,0,0,105,2200,0,83.5,6,24,29.5,0,0,0,0
10/28/2021,Snack 1,210,9.8,4.8,0,0,0.1,2,63.3,0,24.7,0,22,2.9,0,0,3.7,2
10/29/2021,Breakfast,583,32.4,9,4.3,6.9,0.2,450,1688,414,34.4,1,5.6,36.7,160.4,0,72,16.6
10/29/2021,Lunch,408,11.2,5,1,1.5,0,32,1295,1255,62.6,2,23.6,10.4,5.6,22,60,10.8
10/29/2021,Dinner,543,26.5,12.6,1.9,3.7,0,402,1452,168,41.7,1,2.4,29.6,160,0,66,1.8
10/30/2021,Breakfast,561.8,20.8,4.8,0.5,0.9,0,123,956.5,229.5,62.7,5.5,26.4,27.8,50,0,31.9,8.6
10/30/2021,Lunch,412,22.8,2.4,2.5,4.8,0,16.4,787,451.5,39.4,3,6.5,13.3,33,150.2,22.8,51
10/30/2021,Dinner,850,43,14.8,0,0,0,135,1740,0,75,3.5,16,39.5,2,10,22,26
10/30/2021,Snack 1,405.3,10.7,3.3,0,0,0,13.3,26.7,0,26.7,0,24,4,2.7,0,2.7,5.3
11/1/2021,Breakfast,781.8,36.3,13.2,5.1,8.1,0.1,598,888.8,305.4,68.4,7.1,25,40.7,246,32.1,132.6,12.4
11/1/2021,Lunch,361.5,16,6.9,1.3,5,0,113.3,580.5,721.4,35.3,7.6,6.3,21.7,7.9,20.6,49.5,11.2
11/1/2021,Dinner,660.4,29.1,6.3,1.9,9.9,0,114,1101.5,0,52.9,8.8,20,52.7,545,49.1,9.3,20.4
11/1/2021,Snack 1,180,11,4.5,0,0,0,20,180,0,14,2,8,7,4,0,20,2
11/1/2021,Snack 2,168.2,5.5,2.9,0,0,0,0,19.1,10.9,32,0,30.2,0.4,0,0.1,2,0.1
11/29/2021,Breakfast,516.8,18.5,6.5,2.1,4.4,1,392,426.3,192.7,54.3,4.6,16.6,28.7,163.3,5.5,74.8,14
11/29/2021,Lunch,650.8,22.2,6.5,3,4.9,1.8,80,3092.4,388,76,2.7,30.7,42.5,8.5,10,8,12.5
11/29/2021,Dinner,493.5,8.1,2.7,0.2,0.8,0,146.4,1437,908.3,42,1,1,59.4,0,0,3.6,48.8
11/29/2021,Snack 1,216,11,8,0,0,0,90,290,0,38,4,0,12,90,18,3,13
11/30/2021,Breakfast,500.2,18.3,6.5,2.1,4.4,1,392,425.7,145.5,50.5,3.8,13.8,28.4,163.3,2.1,74.6,13.8
11/30/2021,Lunch,680,18,6,0,0,0,60,2905,0,84,3,37,42.2,0,10,0,20
12/15/2021,Breakfast,423,13.5,5.1,1.9,3.7,1,377,427,140,44.7,3,21.4,30.6,162,8,79,11.8
12/16/2021,Breakfast,553,16.3,4.9,2.4,4.2,0.1,402,522,428,55.7,3,25.4,45.1,160,0,82,12.8
12/16/2021,Lunch,384.3,10.7,2.2,0,0.2,0,89.4,957,442.4,35.2,6.9,7.9,35.2,18.5,34.7,14.2,12.9
12/16/2021,Dinner,517.5,28.1,14.3,0.1,0,0,78.3,558.3,737.1,44.1,5.9,15.8,18.2,346,14.9,8.8,8.3
5/3/2022,Breakfast,475.5,21.2,6.6,1.9,3.7,1,392,703.5,330,39.7,4,16.4,30.2,165,0,79,11.8
5/3/2022,Lunch,507.4,6.8,0,1,3.4,0,110.6,319.9,526,52.7,4.2,9.3,58.5,85,101,8.8,25.2
5/3/2022,Dinner,757.1,45.8,9,3.1,11.7,0,269.3,589.8,1054.8,45.1,3.5,12.3,42.8,175.1,196.3,51.4,10.6
5/3/2022,Snack 1,270,7,4,0,0,0,5,340,0,40,4,16,12,0,0,15,10
5/4/2022,Lunch,996.8,31.5,8.4,5.4,15,0,88.3,1411.9,1623.9,115.3,20.8,3.9,69.3,138.3,21.8,43.3,65.5
5/4/2022,Dinner,470.3,19.7,4.4,1.5,0.7,0.3,40.8,299.2,676.4,50.1,10.6,6.2,27.1,304.7,14.1,37.1,23.5
5/4/2022,Snack 1,170,8,3,0,0,0,0,125,0,21,1,13,3,0,0,2,4
5/5/2022,Breakfast,653.8,19.3,7.6,1.3,3.1,0,334.8,470.6,582.8,77.6,9,54,39.7,11.3,0,31.2,23.7
5/5/2022,Lunch,795.9,29,8.4,2.8,10.3,0,89.2,1546.5,1151.6,78.4,18.1,8.3,61.1,9.5,21.5,30.1,48.2
5/6/2022,Breakfast,578,24.4,6.9,2.9,11,0,515.2,1202.1,548,47.2,7.6,1.8,43.2,15.7,10.5,17,36.6
5/6/2022,Dinner,678.8,29.2,3.3,5.2,14,0,101.3,206.8,325.7,47.6,2.9,3.8,59.2,9.6,122.6,5.8,23.7
5/14/2022,Breakfast,609,24.7,4.3,0,0.2,0,525,493.9,188,61,5.9,26.8,38.9,3.3,0.2,20.4,16
5/18/2022,Breakfast,545,33,7.9,1.9,9.4,0,546,226,32,28,0,0,34.4,0,0,6,20.8
5/18/2022,Lunch,300,4,1,0,0,0,60,520,360,14,2,6,50,0,0,27.4,11.1
5/18/2022,Dinner,646.2,38.4,6.6,1.6,8.6,0,66.7,75.9,675.2,47.3,2.5,0.2,30,2.6,3.8,8,6.2
5/18/2022,Snack 1,118,7,4.5,0,0,0,20,126,76,11,0.3,1,2.3,11,2,2,0
5/19/2022,Breakfast,579.7,43.6,14.9,2.7,9.3,0,689.7,1148.8,435.8,10.3,2.7,2.1,36.2,22.9,3.8,21.8,16.2
5/19/2022,Lunch,475.1,18.4,6.6,1.6,7.9,0,79.9,293.1,347.7,48.2,4.6,0,29.4,0.1,1,4.5,18.7
5/20/2022,Breakfast,463,18,7.1,1.9,3.7,1,417,672,320,30.7,4,4.4,42.6,165,0,77.7,17.4
5/20/2022,Lunch,732.5,48.3,19.5,0,0,0.5,77.5,1752.5,427.3,46.5,3.5,11,27.3,0,0,45.6,19.7
5/24/2022,Breakfast,368.9,17,4.6,1,2.8,0,324,609.8,130,41.1,4.6,0.6,17.8,11.3,0,6.6,19.1
5/25/2022,Breakfast,396.3,22.5,8.4,2.5,3.7,0,406,397.8,225,25.7,3.8,2.9,20.1,163.3,0,58.5,8.8
5/25/2022,Lunch,563.7,17.5,5.5,2.2,5.2,0,115.7,1223.1,321,62.9,10,10.7,42.9,4.7,17.3,16.6,26.4
5/25/2022,Snack 1,401,12.6,7.1,0,0,0,57,649.8,180,33.7,3.5,14.3,36.9,8.3,0.8,20.5,8.6
9/25/2022,Breakfast,474.9,22.1,6.4,2.6,8,0,327.9,971.8,966.9,48.2,15.8,4.3,28.5,259.6,124.3,54.3,11.6
9/25/2022,Lunch,848,39.5,19.1,3.9,10.7,0,412,1644,499,87.8,4.4,4.7,32.9,163,4,113,32.8
9/26/2022,Breakfast,487.9,23.5,6.8,2.9,8.6,0,385.3,1009.7,526,39.4,9.9,5.3,33.4,163.6,4.3,66.1,11.9
9/26/2022,Lunch,389.8,4.2,2.6,0.8,0.5,0,13.3,179.8,686.7,56.9,11.7,25.1,30.3,0,126.3,30.3,11.8
9/26/2022,Snack 1,25,0,0,0,0,0,0,0,500,10,6,0,0,120,120,0,0
9/26/2022,Snack 2,150,2,0.5,0,0,0,30,260,180,7,1,3,25,0,0,13.7,5.6
9/29/2022,Breakfast,388.9,4.6,2,1,1,0,15,629.1,296.2,67.1,10.9,27.9,24.1,4.9,20.1,52.4,14.7
9/29/2022,Lunch,557.5,29.3,14.1,0.5,1,0.8,67.5,1490,0,49.3,6.1,3.8,28.3,15,22.5,11.3,1.5
9/29/2022,Dinner,475.3,12.7,6.1,0.4,0.5,0,138.4,784.4,724.1,59.9,8.5,11.2,32.9,567.7,181.1,22.2,16.9
9/29/2022,Snack 1,121,7.2,5.6,0,0,0,0,14,500,17.2,6.8,6,0.8,120,120,1.6,0.8
9/30/2022,Breakfast,421.4,4.5,2.5,1,1,0,20,800.3,851.2,74.1,16.4,25.1,29.1,122.4,140.1,48.7,12.2
9/30/2022,Lunch,245,17.5,0.5,1.8,5,0,0,70,90,11.5,1.5,1,11,0,0,3,3
9/30/2022,Dinner,415.1,17.3,1.7,2.4,11,0,36.9,29.1,488.9,39.6,5.2,6,26.5,41.4,29.5,4.5,28.5
9/30/2022,Snack 1,90,3.5,1.8,0,0,0,2.5,52.5,62.5,10.5,1.5,7.5,6,5,10,12.5,7.5
9/30/2022,Snack 2,262,7.5,0,0.8,0.3,0,0,80.2,27.7,44.3,0.5,8.3,5.3,0,0,0,3.1
10/2/2022,Breakfast,424.4,8.3,2.5,4.3,1.3,0,15,602.5,323.2,67,15.2,23.1,25.4,2.4,20.3,131.9,13.3
10/2/2022,Snack 1,182.1,5.3,2.5,0,0,0,17.5,121.3,766,32.4,7,19.9,6,125,120,36.2,5
10/4/2022,Breakfast,524.4,12.3,5,4.3,1.3,0,32.5,665,1023.2,83,21.2,29.1,29.4,122.4,140.3,146.9,13.3
10/4/2022,Lunch,513.7,23,5.5,4.6,9.4,0.1,80,523.4,548.2,51.3,4.8,29,29.8,23.7,5.2,30.6,19.2
10/4/2022,Dinner,618.7,32.5,13.1,4,11.4,0,194.4,1243.6,455.3,40.7,0.4,3.6,38.6,12,3,20.6,15.3
10/4/2022,Snack 1,291.3,9.6,5.5,0.4,1.7,0.2,32.3,225.2,87.3,48.1,1.5,30.5,3,4.9,8.6,12.9,3
